kanton_code;kanton;jahr;bevoelkerung;flaeche_km2;dichte;auslaenderanteil;faelle_stgb;hz;aufgeklaert;aq;hz_leib_leben;hz_koerperverletzung;hz_diebstahl;hz_einbruch;hz_raub;hz_sachbeschaedigung;hz_cyberbetrug;hz_vergewaltigung;faelle_diebstahl;faelle_einbruch;faelle_leib_leben;faelle_raub;faelle_sachbeschaedigung;faelle_cyberbetrug;faelle_vergewaltigung;faelle_diskriminierung;aufgeklaert_diebstahl;aufgeklaert_einbruch
1;Zürich;2009;1342012.0;1726.5;777.3;23.7;117099;8725.6;33949;29.0;469.9;151.3;946.0;921.3;65.9;978.3;106.5;11.1;12695;12364;6306;884;13129;1429;149;19;2532;1554
1;Zürich;2010;1360059.5;1726.5;787.8;23.9;108220;7957.0;33935;31.4;431.9;129.5;941.7;793.5;45.9;812.2;92.9;10.0;12808;10792;5874;624;11046;1263;136;17;2300;1194
1;Zürich;2011;1382732.0;1726.5;800.9;24.6;107026;7740.2;30040;28.1;387.7;130.8;1054.7;704.8;50.6;720.6;76.4;10.3;14584;9745;5361;700;9964;1057;143;6;2156;1052
1;Zürich;2012;1400485.5;1726.5;811.2;24.9;118387;8453.3;32733;27.6;367.7;122.2;1134.0;865.9;61.4;658.2;99.5;9.1;15881;12127;5149;860;9218;1394;127;16;2306;1451
1;Zürich;2013;1417056.5;1726.5;820.8;25.4;107770;7605.2;31241;29.0;391.5;127.3;1020.9;647.2;46.4;693.2;80.8;11.3;14467;9171;5548;658;9823;1145;160;19;2173;839
1;Zürich;2014;1435946.0;1726.5;831.7;25.8;99031;6896.6;29973;30.3;344.9;102.7;853.8;590.0;38.0;667.2;57.8;11.8;12260;8472;4953;545;9580;830;169;18;1969;861
1;Zürich;2015;1456389.0;1726.5;843.5;26.1;92468;6349.1;29144;31.5;330.1;99.1;757.8;535.5;28.6;638.8;58.4;9.2;11037;7799;4808;416;9304;851;134;15;1623;765
1;Zürich;2016;1477196.5;1726.5;855.6;26.6;87754;5940.6;30322;34.6;363.9;103.4;730.2;431.4;29.5;620.8;68.7;11.5;10787;6373;5375;436;9171;1015;170;16;1820;816
1;Zürich;2017;1496157.5;1726.5;866.6;26.7;88861;5939.3;32653;36.7;378.6;105.9;709.8;391.1;32.1;641.3;85.1;11.6;10620;5852;5665;481;9595;1273;173;22;1905;898
1;Zürich;2018;1512657.0;1726.5;876.1;26.9;90772;6000.8;34407;37.9;396.1;112.3;708.0;396.3;26.9;619.1;94.1;9.9;10709;5994;5992;407;9365;1424;149;11;2130;846
1;Zürich;2019;1530121.5;1726.5;886.3;27.1;91174;5958.6;34516;37.9;416.9;117.7;689.4;396.0;29.5;589.2;93.7;9.0;10548;6060;6379;451;9016;1433;137;28;1932;768
1;Zürich;2020;1546349.0;1726.5;895.7;27.3;93180;6025.8;37775;40.5;408.3;115.4;565.8;328.9;33.8;713.7;109.7;11.8;8749;5086;6313;523;11036;1696;182;57;1689;801
1;Zürich;2021;1559042.5;1726.5;903.0;27.4;87586;5617.9;36881;42.1;377.9;102.4;543.0;285.6;35.0;631.3;126.5;12.3;8465;4452;5892;545;9843;1972;192;41;1650;678
1;Zürich;2022;1572314.5;1726.5;910.7;27.7;95775;6091.3;37733;39.4;388.7;112.3;626.5;320.8;35.4;595.1;167.0;12.3;9851;5044;6111;557;9357;2626;193;50;1884;776
1;Zürich;2023;1592737.5;1726.5;922.5;28.6;104079;6534.6;39369;37.8;389.8;111.6;655.0;322.0;34.2;544.0;236.5;12.5;10433;5129;6208;544;8664;3767;199;62;1856;754
1;Zürich;2024;1612764.0;1726.5;934.1;29.0;110240;6835.5;41384;37.5;394.7;110.4;619.9;369.4;33.7;480.4;330.3;13.3;9998;5957;6365;544;7748;5327;214;135;1984;1004
1;Zürich;2025;1626469.0;1726.5;942.1;29.2;104632;6433.1;40023;38.3;368.6;102.9;609.7;331.3;27.4;473.2;321.4;19.6;9916;5389;5995;446;7697;5228;318;88;2089;974
2;Bern;2009;971767.0;5947.0;163.4;13.0;67800;6977.0;16482;24.3;264.3;76.3;739.2;555.4;69.5;1101.7;42.4;5.7;7183;5397;2568;675;10706;412;55;17;785;630
2;Bern;2010;976241.5;5947.0;164.2;13.3;61634;6313.4;17092;27.7;268.7;82.2;706.3;516.4;28.3;913.7;47.1;5.7;6895;5041;2623;276;8920;460;56;30;750;692
2;Bern;2011;982377.0;5947.0;165.2;13.7;64774;6593.6;16932;26.1;267.5;86.8;736.9;568.2;30.1;768.3;62.0;7.1;7239;5582;2628;296;7548;609;70;25;636;683
2;Bern;2012;988783.5;5947.0;166.3;14.0;69004;6978.7;17975;26.0;259.4;81.3;793.1;582.6;29.7;760.9;61.2;5.3;7842;5761;2565;294;7524;605;52;22;761;503
2;Bern;2013;996899.5;5947.0;167.6;14.5;67222;6743.1;16691;24.8;230.7;72.1;751.4;622.1;34.2;714.1;53.9;5.5;7491;6202;2300;341;7119;537;55;36;758;533
2;Bern;2014;1005301.0;5947.0;169.0;15.0;58826;5851.6;15653;26.6;216.6;70.7;658.2;481.4;22.9;728.9;42.7;6.5;6617;4840;2177;230;7328;429;65;15;760;501
2;Bern;2015;1013402.0;5947.0;170.4;15.5;55935;5519.5;16315;29.2;213.1;65.0;552.8;427.5;20.6;746.6;47.1;5.7;5602;4332;2160;209;7566;477;58;19;805;617
2;Bern;2016;1021949.0;5947.0;171.8;16.1;54843;5366.5;16809;30.6;220.5;70.5;542.9;414.9;22.5;750.2;42.8;7.0;5548;4240;2253;230;7667;437;72;11;747;565
2;Bern;2017;1028772.0;5947.0;173.0;16.2;50508;4909.5;17175;34.0;207.9;67.7;481.9;337.7;19.3;721.7;50.2;7.6;4958;3474;2139;199;7425;516;78;21;699;648
2;Bern;2018;1033005.5;5947.0;173.7;16.3;50094;4849.3;17981;35.9;214.6;63.5;477.9;283.8;18.4;689.8;63.5;6.8;4937;2932;2217;190;7126;656;70;14;675;490
2;Bern;2019;1037178.5;5947.0;174.4;16.6;53942;5200.8;20647;38.3;230.5;72.0;523.1;289.6;22.9;742.1;83.3;7.0;5425;3004;2391;237;7697;864;73;17;800;741
2;Bern;2020;1041253.5;5947.0;175.1;16.6;54869;5269.5;22147;40.4;236.8;70.5;460.8;270.3;26.9;807.2;92.4;8.4;4798;2815;2466;280;8405;962;87;13;780;672
2;Bern;2021;1045251.5;5947.0;175.8;16.8;51813;4957.0;20190;39.0;211.2;53.1;429.8;228.6;21.6;730.8;122.3;8.0;4492;2389;2208;226;7639;1278;84;28;600;480
2;Bern;2022;1049429.5;5947.0;176.5;17.0;49290;4696.8;18387;37.3;212.0;66.3;538.7;209.1;20.8;550.2;113.4;9.0;5653;2194;2225;218;5774;1190;94;21;796;355
2;Bern;2023;1057485.0;5947.0;177.8;17.9;62613;5920.9;22931;36.6;237.8;79.5;617.0;265.3;20.0;560.8;192.2;8.5;6525;2805;2515;212;5930;2032;90;28;960;442
2;Bern;2024;1067374.5;5947.0;179.5;18.4;73469;6883.2;26607;36.2;258.4;90.2;617.3;346.0;25.7;521.6;227.3;10.2;6589;3693;2758;274;5567;2426;109;56;1132;624
2;Bern;2025;1073671.5;5947.0;180.5;18.6;70302;6547.8;27322;38.9;249.9;88.7;532.5;379.7;21.9;474.3;229.1;13.0;5717;4077;2683;235;5092;2460;140;62;1097;888
3;Luzern;2009;370853.0;1493.1;248.4;16.4;23229;6263.7;8228;35.4;307.7;69.8;601.6;524.2;27.0;548.7;94.9;8.1;2231;1944;1141;100;2035;352;30;2;337;403
3;Luzern;2010;374679.5;1493.1;250.9;16.4;21524;5744.6;6977;32.4;246.3;68.9;542.9;495.6;29.1;456.4;64.9;8.3;2034;1857;923;109;1710;243;31;3;206;324
3;Luzern;2011;379788.0;1493.1;254.4;16.8;24219;6377.0;7259;30.0;211.2;61.1;707.2;540.3;29.8;447.9;62.4;5.8;2686;2052;802;113;1701;237;22;3;446;306
3;Luzern;2012;384024.0;1493.1;257.2;17.0;24519;6384.8;6771;27.6;198.4;61.5;668.4;497.6;39.8;391.1;70.6;7.6;2567;1911;762;153;1502;271;29;3;307;190
3;Luzern;2013;388215.5;1493.1;260.0;17.2;24764;6378.9;7454;30.1;243.9;67.0;602.8;655.8;28.6;372.2;59.0;8.2;2340;2546;947;111;1445;229;32;4;287;315
3;Luzern;2014;392476.5;1493.1;262.9;17.6;22509;5735.1;6878;30.6;171.5;51.2;559.5;534.3;21.1;346.0;58.6;5.1;2196;2097;673;83;1358;230;20;1;289;338
3;Luzern;2015;396683.0;1493.1;265.7;17.9;20523;5173.7;6569;32.0;174.2;49.7;482.5;464.9;16.1;314.9;58.2;5.0;1914;1844;691;64;1249;231;20;7;260;250
3;Luzern;2016;401079.5;1493.1;268.6;18.4;18771;4680.1;6670;35.5;175.8;62.8;432.6;384.5;17.5;359.0;61.3;6.5;1735;1542;705;70;1440;246;26;4;235;216
3;Luzern;2017;404951.5;1493.1;271.2;18.4;18715;4621.5;7405;39.6;204.2;59.5;408.0;389.7;15.3;346.2;75.1;5.7;1652;1578;827;62;1402;304;23;0;313;269
3;Luzern;2018;408031.5;1493.1;273.3;18.5;17856;4376.1;6900;38.6;166.9;48.3;352.7;313.5;15.9;325.2;59.1;6.1;1439;1279;681;65;1327;241;25;2;251;189
3;Luzern;2019;411338.5;1493.1;275.5;18.8;17124;4163.0;7212;42.1;159.5;48.1;387.3;247.0;9.2;319.2;79.5;3.6;1593;1016;656;38;1313;327;15;4;314;178
3;Luzern;2020;414733.5;1493.1;277.8;19.0;17610;4246.1;7756;44.0;159.4;50.2;336.1;257.0;11.6;336.1;125.1;5.8;1394;1066;661;48;1394;519;24;4;329;242
3;Luzern;2021;418336.5;1493.1;280.2;19.3;17113;4090.7;7033;41.1;155.6;45.7;280.4;249.6;8.6;311.9;104.7;5.5;1173;1044;651;36;1305;438;23;4;226;152
3;Luzern;2022;422588.5;1493.1;283.0;19.8;18929;4479.3;7454;39.4;169.7;49.5;311.4;245.4;13.7;304.3;171.8;7.1;1316;1037;717;58;1286;726;30;1;205;208
3;Luzern;2023;428797.5;1493.1;287.2;21.0;20186;4707.6;8025;39.8;181.0;47.6;372.9;251.9;15.6;248.4;236.0;4.0;1599;1080;776;67;1065;1012;17;20;286;188
3;Luzern;2024;435344.0;1493.1;291.6;21.5;22232;5106.8;8630;38.8;192.0;49.2;393.9;350.1;10.1;250.4;229.7;8.3;1715;1524;836;44;1090;1000;36;8;273;453
3;Luzern;2025;439722.0;1493.1;294.5;21.9;21806;4959.0;8144;37.3;210.6;55.9;384.3;294.0;10.2;247.4;241.3;15.5;1690;1293;926;45;1088;1061;68;23;314;268
4;Uri;2009;35248.5;1073.2;32.8;9.4;1069;3032.8;230;21.5;144.7;62.4;411.4;278.0;2.8;385.8;19.9;2.8;145;98;51;1;136;7;1;0;20;12
4;Uri;2010;35318.0;1073.2;32.9;9.5;1031;2919.2;232;22.5;135.9;53.8;379.4;249.2;2.8;407.7;17.0;11.3;134;88;48;1;144;6;4;1;15;7
4;Uri;2011;35402.0;1073.2;33.0;9.8;918;2593.1;159;17.3;107.3;53.7;375.7;161.0;2.8;316.4;22.6;2.8;133;57;38;1;112;8;1;2;14;0
4;Uri;2012;35537.5;1073.2;33.1;10.5;1164;3275.4;205;17.6;123.8;56.3;464.3;377.1;5.6;225.1;14.1;2.8;165;134;44;2;80;5;1;1;17;8
4;Uri;2013;35779.0;1073.2;33.3;11.1;1202;3359.5;268;22.3;131.4;53.1;422.0;424.8;5.6;335.4;30.7;0.0;151;152;47;2;120;11;0;0;21;19
4;Uri;2014;35936.5;1073.2;33.5;11.5;1031;2868.9;233;22.6;200.4;94.6;267.1;347.8;2.8;361.7;8.3;5.6;96;125;72;1;130;3;2;0;8;6
4;Uri;2015;35990.5;1073.2;33.5;11.5;640;1778.2;154;24.1;102.8;47.2;186.2;125.0;5.6;177.8;5.6;0.0;67;45;37;2;64;2;0;0;0;5
4;Uri;2016;36059.0;1073.2;33.6;11.9;672;1863.6;222;33.0;174.7;77.7;221.9;147.0;2.8;205.2;5.5;5.5;80;53;63;1;74;2;2;0;12;6
4;Uri;2017;36222.0;1073.2;33.8;12.0;821;2266.6;361;44.0;129.8;49.7;262.3;149.1;0.0;411.4;11.0;2.8;95;54;47;0;149;4;1;0;23;8
4;Uri;2018;36366.0;1073.2;33.9;12.3;745;2048.6;291;39.1;140.2;57.7;244.7;173.2;13.7;156.7;16.5;2.7;89;63;51;5;57;6;1;0;18;3
4;Uri;2019;36568.0;1073.2;34.1;12.6;685;1873.2;322;47.0;183.2;60.2;276.2;90.2;5.5;150.4;24.6;2.7;101;33;67;2;55;9;1;0;23;1
4;Uri;2020;36761.0;1073.2;34.3;12.9;718;1953.2;376;52.4;133.3;57.1;160.5;76.2;19.0;206.7;19.0;2.7;59;28;49;7;76;7;1;0;14;6
4;Uri;2021;36933.0;1073.2;34.4;13.2;821;2222.9;358;43.6;146.2;59.6;227.4;86.6;8.1;184.1;29.8;8.1;84;32;54;3;68;11;3;0;19;6
4;Uri;2022;37182.0;1073.2;34.6;13.6;733;1971.4;230;31.4;134.5;53.8;207.1;131.8;0.0;215.2;37.7;5.4;77;49;50;0;80;14;2;0;8;3
4;Uri;2023;37624.0;1073.2;35.1;14.9;857;2277.8;314;36.6;124.9;39.9;228.6;103.7;0.0;180.7;66.4;2.7;86;39;47;0;68;25;1;1;12;11
4;Uri;2024;38103.0;1073.2;35.5;15.3;976;2561.5;456;46.7;170.6;47.2;217.8;115.5;2.6;131.2;105.0;2.6;83;44;65;1;50;40;1;0;24;7
4;Uri;2025;38428.0;1073.2;35.8;15.8;979;2547.6;448;45.8;117.1;28.6;174.4;221.2;0.0;148.3;119.7;5.2;67;85;45;0;57;46;2;0;7;44
5;Schwyz;2009;144202.5;902.1;159.9;18.0;5370;3723.9;2041;38.0;237.9;90.2;325.2;427.9;7.6;358.5;31.2;3.5;469;617;343;11;517;45;5;1;116;181
5;Schwyz;2010;145485.5;902.1;161.3;18.4;4526;3111.0;1575;34.8;262.6;101.0;343.0;273.6;6.9;303.8;30.9;2.1;499;398;382;10;442;45;3;14;87;47
5;Schwyz;2011;147317.0;902.1;163.3;18.9;4805;3261.7;1780;37.0;217.2;75.3;376.1;281.0;11.5;263.4;40.7;4.1;554;414;320;17;388;60;6;1;127;63
5;Schwyz;2012;148867.0;902.1;165.0;19.3;4983;3347.3;2066;41.5;233.1;86.0;372.1;254.6;10.1;333.2;36.3;3.4;554;379;347;15;496;54;5;3;117;34
5;Schwyz;2013;150613.0;902.1;167.0;19.6;5474;3634.5;2012;36.8;197.9;77.0;373.8;367.8;15.3;255.6;37.2;3.3;563;554;298;23;385;56;5;4;95;111
5;Schwyz;2014;152077.5;902.1;168.6;19.9;4653;3059.6;1706;36.7;196.0;78.9;279.5;274.2;3.9;291.3;28.3;3.9;425;417;298;6;443;43;6;2;55;51
5;Schwyz;2015;153426.0;902.1;170.1;20.2;4122;2686.6;1635;39.7;134.3;52.8;234.6;218.3;3.9;179.2;25.4;3.9;360;335;206;6;275;39;6;3;60;65
5;Schwyz;2016;154978.0;902.1;171.8;20.7;4203;2712.0;1683;40.0;171.6;69.7;213.6;231.0;7.1;229.7;25.8;2.6;331;358;266;11;356;40;4;0;62;31
5;Schwyz;2017;156582.0;902.1;173.6;21.1;4051;2587.1;1813;44.8;163.5;81.7;218.4;184.6;8.3;229.9;25.5;5.7;342;289;256;13;360;40;9;3;90;34
5;Schwyz;2018;158233.0;902.1;175.4;21.6;4243;2681.5;1877;44.2;151.0;58.1;196.5;155.5;4.4;296.4;32.2;6.3;311;246;239;7;469;51;10;0;83;31
5;Schwyz;2019;159822.5;902.1;177.2;21.9;3928;2457.7;1699;43.3;161.4;60.7;175.8;144.5;7.5;245.9;37.5;5.0;281;231;258;12;393;60;8;2;63;37
5;Schwyz;2020;161318.5;902.1;178.8;22.2;3814;2364.3;1707;44.8;146.9;40.3;168.6;115.9;3.1;282.1;43.4;3.7;272;187;237;5;455;70;6;4;91;23
5;Schwyz;2021;162923.0;902.1;180.6;22.5;3299;2024.9;1501;45.5;124.6;36.2;127.1;85.3;4.9;273.7;26.4;3.7;207;139;203;8;446;43;6;4;50;12
5;Schwyz;2022;164304.5;902.1;182.1;22.9;4435;2699.3;1915;43.2;147.3;44.4;165.5;136.9;5.5;322.0;77.3;6.1;272;225;242;9;529;127;10;7;62;24
5;Schwyz;2023;166161.5;902.1;184.2;23.8;4999;3008.5;2112;42.2;166.1;48.1;170.9;157.7;2.4;189.6;128.8;7.2;284;262;276;4;315;214;12;3;64;33
5;Schwyz;2024;168167.0;902.1;186.4;24.1;5469;3252.1;2153;39.4;149.9;51.7;203.4;190.9;4.2;199.2;155.8;9.5;342;321;252;7;335;262;16;7;85;65
5;Schwyz;2025;169501.5;902.1;187.9;24.3;5346;3154.0;2114;39.5;161.7;41.9;191.7;184.7;2.4;159.3;195.3;8.8;325;313;274;4;270;331;15;11;78;42
6;Obwalden;2009;34730.5;488.4;71.1;12.9;1504;4330.5;662;44.0;264.9;69.1;596.0;262.0;20.2;377.2;46.1;14.4;207;91;92;7;131;16;5;0;55;18
6;Obwalden;2010;35262.0;488.4;72.2;13.1;1317;3734.9;484;36.8;238.2;68.1;490.6;192.8;11.3;433.9;28.4;2.8;173;68;84;4;153;10;1;0;21;8
6;Obwalden;2011;35735.0;488.4;73.2;13.7;1495;4183.6;568;38.0;134.3;30.8;554.1;229.5;0.0;486.9;16.8;5.6;198;82;48;0;174;6;2;0;27;15
6;Obwalden;2012;36000.0;488.4;73.7;13.8;1752;4866.7;819;46.7;241.7;77.8;563.9;347.2;5.6;436.1;25.0;8.3;203;125;87;2;157;9;3;0;50;36
6;Obwalden;2013;36311.0;488.4;74.3;14.0;1373;3781.2;619;45.1;190.0;46.8;481.9;151.5;0.0;462.7;13.8;8.3;175;55;69;0;168;5;3;0;32;18
6;Obwalden;2014;36670.5;488.4;75.1;14.2;1539;4196.8;642;41.7;204.5;57.3;384.5;272.7;2.7;392.7;32.7;13.6;141;100;75;1;144;12;5;0;25;20
6;Obwalden;2015;36955.0;488.4;75.7;14.5;1408;3810.0;662;47.0;246.2;59.5;365.3;243.5;2.7;303.1;16.2;13.5;135;90;91;1;112;6;5;0;23;26
6;Obwalden;2016;37227.0;488.4;76.2;14.7;1589;4268.4;847;53.3;257.9;77.9;405.6;174.6;5.4;505.0;16.1;8.1;151;65;96;2;188;6;3;0;44;18
6;Obwalden;2017;37476.5;488.4;76.7;14.7;1241;3311.4;626;50.4;194.8;42.7;344.2;117.4;2.7;322.9;37.4;0.0;129;44;73;1;121;14;0;1;22;11
6;Obwalden;2018;37708.0;488.4;77.2;14.7;1337;3545.7;757;56.6;220.1;53.0;381.9;132.6;5.3;214.8;37.1;5.3;144;50;83;2;81;14;2;0;55;15
6;Obwalden;2019;37885.5;488.4;77.6;14.7;1344;3547.5;722;53.7;229.6;52.8;314.1;145.2;7.9;269.2;34.3;5.3;119;55;87;3;102;13;2;0;19;21
6;Obwalden;2020;38019.0;488.4;77.8;14.8;1313;3453.5;817;62.2;205.2;50.0;255.1;115.7;2.6;473.4;57.9;2.6;97;44;78;1;180;22;1;0;29;21
6;Obwalden;2021;38271.5;488.4;78.4;15.1;1309;3420.3;699;53.4;185.5;44.4;222.1;73.2;10.5;269.1;78.4;2.6;85;28;71;4;103;30;1;0;26;11
6;Obwalden;2022;38567.5;488.4;79.0;15.6;1492;3868.5;813;54.5;171.1;23.3;342.3;168.5;2.6;285.2;72.6;7.8;132;65;66;1;110;28;3;0;48;30
6;Obwalden;2023;38986.0;488.4;79.8;16.4;1315;3373.0;594;45.2;135.9;28.2;343.7;84.6;2.6;225.7;56.4;10.3;134;33;53;1;88;22;4;1;33;5
6;Obwalden;2024;39467.0;488.4;80.8;17.0;1684;4266.9;910;54.0;205.2;30.4;375.0;86.1;5.1;240.7;159.6;0.0;148;34;81;2;95;63;0;0;65;14
6;Obwalden;2025;39770.5;488.4;81.4;17.4;1778;4470.7;785;44.2;284.1;55.3;301.7;176.0;5.0;236.4;198.6;7.5;120;70;113;2;94;79;3;0;37;10
7;Nidwalden;2009;40765.5;275.3;148.1;10.7;1287;3157.1;376;29.2;188.9;49.1;385.1;321.4;0.0;336.1;22.1;4.9;157;131;77;0;137;9;2;0;30;17
7;Nidwalden;2010;40858.0;275.3;148.4;11.1;1208;2956.6;424;35.1;215.4;61.2;413.6;193.4;4.9;276.6;26.9;4.9;169;79;88;2;113;11;2;1;33;17
7;Nidwalden;2011;41167.5;275.3;149.5;11.8;1161;2820.2;441;38.0;174.9;51.0;361.9;182.2;2.4;279.3;29.1;0.0;149;75;72;1;115;12;0;1;30;19
7;Nidwalden;2012;41447.5;275.3;150.6;12.5;1322;3189.6;387;29.3;171.3;65.1;468.1;246.1;16.9;357.1;36.2;2.4;194;102;71;7;148;15;1;0;43;7
7;Nidwalden;2013;41736.0;275.3;151.6;13.1;1257;3011.8;505;40.2;127.0;26.4;299.5;321.1;4.8;266.0;28.8;2.4;125;134;53;2;111;12;1;2;20;24
7;Nidwalden;2014;41984.0;275.3;152.5;13.6;1443;3437.0;516;35.8;181.0;38.1;319.2;421.6;7.1;293.0;31.0;0.0;134;177;76;3;123;13;0;0;21;33
7;Nidwalden;2015;42250.0;275.3;153.5;13.9;1073;2539.6;531;49.5;272.2;78.1;274.6;139.6;0.0;241.4;42.6;2.4;116;59;115;0;102;18;1;1;26;11
7;Nidwalden;2016;42488.0;275.3;154.3;14.2;1127;2652.5;444;39.4;268.3;33.0;221.2;197.7;2.4;275.4;11.8;2.4;94;84;114;1;117;5;1;0;22;24
7;Nidwalden;2017;42762.5;275.3;155.3;14.6;1221;2855.3;507;41.5;273.6;42.1;245.5;170.7;2.3;261.9;39.8;7.0;105;73;117;1;112;17;3;0;31;8
7;Nidwalden;2018;43096.0;275.3;156.5;14.7;1241;2879.6;449;36.2;276.1;39.4;225.1;171.7;0.0;271.5;34.8;2.3;97;74;119;0;117;15;1;1;37;6
7;Nidwalden;2019;43155.0;275.3;156.8;14.8;1130;2618.5;412;36.5;370.8;34.8;259.5;164.5;18.5;287.3;37.1;0.0;112;71;160;8;124;16;0;6;31;7
7;Nidwalden;2020;43303.5;275.3;157.3;15.0;1151;2658.0;496;43.1;383.3;50.8;166.3;138.6;9.2;408.7;32.3;2.3;72;60;166;4;177;14;1;2;16;17
7;Nidwalden;2021;43707.0;275.3;158.8;15.5;1030;2356.6;435;42.2;221.9;29.7;183.0;41.2;6.9;336.3;41.2;2.3;80;18;97;3;147;18;1;0;17;3
7;Nidwalden;2022;44157.0;275.3;160.4;16.4;1120;2536.4;426;38.0;197.0;38.5;212.9;113.2;4.5;249.1;61.1;2.3;94;50;87;2;110;27;1;0;22;5
7;Nidwalden;2023;44718.0;275.3;162.4;17.3;1078;2410.7;470;43.6;246.0;55.9;216.9;71.6;0.0;172.2;93.9;4.5;97;32;110;0;77;42;2;2;21;8
7;Nidwalden;2024;45180.5;275.3;164.1;17.8;1436;3178.4;686;47.8;210.3;35.4;201.4;172.6;8.9;208.1;121.7;2.2;91;78;95;4;94;55;1;0;23;28
7;Nidwalden;2025;45504.5;275.3;165.3;18.1;1287;2828.3;582;45.2;224.2;35.2;215.4;158.2;8.8;200.0;131.9;2.2;98;72;102;4;91;60;1;1;33;18
8;Glarus;2009;38424.5;678.5;56.6;19.8;1532;3987.0;554;36.2;346.1;104.1;364.4;213.4;7.8;629.8;23.4;5.2;140;82;133;3;242;9;2;0;20;15
8;Glarus;2010;38523.5;678.5;56.8;20.2;1451;3766.5;634;43.7;425.7;148.0;417.9;189.5;5.2;501.0;33.7;2.6;161;73;164;2;193;13;1;0;35;17
8;Glarus;2011;38912.5;678.5;57.4;21.4;1318;3387.1;516;39.2;275.0;84.8;264.7;190.2;15.4;411.2;23.1;2.6;103;74;107;6;160;9;1;0;25;13
8;Glarus;2012;39293.0;678.5;57.9;21.8;1322;3364.5;525;39.7;386.8;114.5;297.8;221.4;25.4;376.7;25.4;0.0;117;87;152;10;148;10;0;0;24;12
8;Glarus;2013;39481.0;678.5;58.2;22.2;1375;3482.7;513;37.3;288.7;83.6;245.7;359.7;0.0;316.6;10.1;0.0;97;142;114;0;125;4;0;1;21;10
8;Glarus;2014;39693.5;678.5;58.5;22.6;1514;3814.2;612;40.4;347.7;93.2;246.9;372.9;25.2;289.7;25.2;0.0;98;148;138;10;115;10;0;0;24;17
8;Glarus;2015;39911.0;678.5;58.8;23.3;1219;3054.3;533;43.7;243.0;62.6;248.1;208.0;17.5;323.2;35.1;2.5;99;83;97;7;129;14;1;1;22;9
8;Glarus;2016;40087.5;678.5;59.1;23.7;1336;3332.7;589;44.1;336.8;69.8;254.4;266.9;5.0;234.5;20.0;5.0;102;107;135;2;94;8;2;0;37;3
8;Glarus;2017;40248.0;678.5;59.3;24.1;1076;2673.4;521;48.4;186.3;59.6;164.0;241.0;7.5;238.5;9.9;9.9;66;97;75;3;96;4;4;3;15;30
8;Glarus;2018;40376.0;678.5;59.5;24.1;1002;2481.7;468;46.7;205.6;39.6;170.9;213.0;12.4;205.6;24.8;14.9;69;86;83;5;83;10;6;0;15;13
8;Glarus;2019;40496.5;678.5;59.7;24.2;679;1676.7;351;51.7;165.4;37.0;116.1;103.7;2.5;138.3;14.8;2.5;47;42;67;1;56;6;1;0;15;12
8;Glarus;2020;40720.5;678.5;60.0;24.7;1672;4106.0;884;52.9;356.1;103.1;351.2;198.9;7.4;523.1;41.7;7.4;143;81;145;3;213;17;3;1;44;12
8;Glarus;2021;41020.5;678.5;60.5;25.0;1222;2979.0;701;57.4;273.0;63.4;197.5;141.4;9.8;212.1;60.9;7.3;81;58;112;4;87;25;3;0;27;9
8;Glarus;2022;41330.5;678.5;60.9;25.4;1248;3019.6;587;47.0;234.7;41.1;225.0;244.4;0.0;300.0;26.6;4.8;93;101;97;0;124;11;2;0;23;25
8;Glarus;2023;41763.5;678.5;61.6;26.3;1288;3084.0;586;45.5;270.6;62.3;225.1;162.8;0.0;225.1;71.8;2.4;94;68;113;0;94;30;1;0;29;5
8;Glarus;2024;42213.5;678.5;62.2;26.7;1620;3837.6;710;43.8;234.5;73.4;277.2;262.9;9.5;255.8;64.0;9.5;117;111;99;4;108;27;4;1;41;19
8;Glarus;2025;42411.0;678.5;62.5;26.9;1446;3409.5;625;43.2;297.1;82.5;240.5;150.9;0.0;245.2;143.8;11.8;102;64;126;0;104;61;5;1;20;12
9;Zug;2009;110637.0;239.9;461.2;23.3;7264;6565.6;2376;32.7;461.0;135.6;564.0;627.3;18.1;803.5;67.8;8.1;624;694;510;20;889;75;9;1;81;114
9;Zug;2010;111563.5;239.9;465.0;23.8;6526;5849.6;2135;32.7;398.9;107.6;626.5;578.1;24.2;514.5;66.3;4.5;699;645;445;27;574;74;5;1;98;124
9;Zug;2011;114104.5;239.9;475.6;24.6;6760;5924.4;1833;27.1;378.6;108.7;722.1;517.9;14.0;399.6;101.7;4.4;824;591;432;16;456;116;5;1;79;61
9;Zug;2012;115839.5;239.9;482.9;25.3;6408;5531.8;1869;29.2;283.2;94.1;637.1;480.8;24.2;390.2;69.1;7.8;738;557;328;28;452;80;9;0;88;63
9;Zug;2013;117346.5;239.9;489.1;25.9;6238;5315.9;1830;29.3;293.1;89.5;553.1;527.5;13.6;412.5;60.5;3.4;649;619;344;16;484;71;4;0;77;55
9;Zug;2014;119103.5;239.9;496.5;26.3;6388;5363.4;1809;28.3;252.7;83.1;482.8;632.2;13.4;415.6;47.9;4.2;575;753;301;16;495;57;5;1;48;84
9;Zug;2015;121111.5;239.9;504.8;27.0;5376;4438.9;1585;29.5;254.3;68.5;405.4;457.4;12.4;332.8;48.7;5.8;491;554;308;15;403;59;7;1;74;42
9;Zug;2016;123041.0;239.9;512.9;27.5;5404;4392.0;1709;31.6;258.5;47.1;291.0;447.8;4.9;309.7;29.3;5.7;358;551;318;6;381;36;7;0;43;46
9;Zug;2017;124684.5;239.9;519.7;27.9;4878;3912.3;1759;36.1;259.9;61.8;284.7;312.0;12.8;297.6;44.9;3.2;355;389;324;16;371;56;4;0;58;23
9;Zug;2018;126129.0;239.9;525.8;28.3;4361;3457.6;1908;43.8;265.6;59.5;292.6;240.2;7.1;247.4;56.3;4.0;369;303;335;9;312;71;5;1;58;67
9;Zug;2019;127239.5;239.9;530.4;28.3;4084;3209.7;1719;42.1;246.0;56.6;280.6;224.8;9.4;249.9;62.1;2.4;357;286;313;12;318;79;3;0;51;26
9;Zug;2020;128218.0;239.9;534.5;28.8;3819;2978.5;1836;48.1;308.8;60.1;270.6;176.3;3.9;322.1;59.3;7.0;347;226;396;5;413;76;9;2;63;43
9;Zug;2021;129290.5;239.9;538.9;29.3;4299;3325.1;2149;50.0;301.6;70.4;224.3;172.5;7.0;341.9;57.2;6.2;290;223;390;9;442;74;8;1;81;40
9;Zug;2022;130475.5;239.9;543.9;29.8;4510;3456.6;1864;41.3;275.9;55.2;259.1;205.4;4.6;391.6;40.6;6.9;338;268;360;6;511;53;9;1;49;50
9;Zug;2023;131860.0;239.9;549.6;30.3;6113;4636.0;2388;39.1;341.3;64.5;298.8;327.6;7.6;292.0;138.8;3.0;394;432;450;10;385;183;4;1;51;22
9;Zug;2024;133147.5;239.9;555.0;30.5;5036;3782.3;2126;42.2;239.6;47.3;301.9;223.1;8.3;199.8;154.7;5.3;402;297;319;11;266;206;7;0;71;68
9;Zug;2025;134378.5;239.9;560.1;30.6;5747;4276.7;2296;40.0;307.3;63.3;312.5;295.4;2.2;206.9;128.7;5.2;420;397;413;3;278;173;7;1;81;59
10;Freiburg;2009;270848.0;1670.4;162.1;17.7;14391;5313.3;4482;31.1;457.8;172.1;485.9;441.6;16.6;638.0;34.0;14.4;1316;1196;1240;45;1728;92;39;16;158;307
10;Freiburg;2010;275491.5;1670.4;164.9;18.2;15337;5567.1;4411;28.8;461.4;181.5;467.2;513.3;17.8;594.2;39.9;5.4;1287;1414;1271;49;1637;110;15;6;154;216
10;Freiburg;2011;281627.5;1670.4;168.6;19.1;14209;5045.3;3792;26.7;342.7;129.2;531.9;504.9;13.5;483.3;62.8;4.6;1498;1422;965;38;1361;177;13;4;141;158
10;Freiburg;2012;288079.5;1670.4;172.5;20.0;19024;6603.7;7080;37.2;481.8;192.0;565.5;681.8;19.4;587.7;75.0;8.0;1629;1964;1388;56;1693;216;23;15;275;385
10;Freiburg;2013;294558.0;1670.4;176.3;20.8;18777;6374.6;6560;34.9;385.0;145.0;538.4;663.7;20.4;494.3;49.9;8.5;1586;1955;1134;60;1456;147;25;18;234;360
10;Freiburg;2014;300548.0;1670.4;179.9;21.4;16446;5472.0;6442;39.2;354.7;149.1;467.1;512.7;21.6;579.9;43.6;6.7;1404;1541;1066;65;1743;131;20;10;252;346
10;Freiburg;2015;305467.5;1670.4;182.9;21.9;15589;5103.3;6646;42.6;354.5;132.3;402.7;360.8;11.1;582.4;103.8;9.5;1230;1102;1083;34;1779;317;29;8;246;248
10;Freiburg;2016;309736.5;1670.4;185.4;22.4;13943;4501.6;5548;39.8;286.0;118.2;412.9;349.7;9.7;511.1;78.5;6.8;1279;1083;886;30;1583;243;21;6;283;212
10;Freiburg;2017;313541.5;1670.4;187.7;22.5;12924;4121.9;5593;43.3;283.2;108.8;385.0;265.0;10.5;511.9;31.9;10.5;1207;831;888;33;1605;100;33;8;208;158
10;Freiburg;2018;316940.0;1670.4;189.7;22.7;12869;4060.4;5420;42.1;294.7;108.2;360.3;278.6;10.4;479.3;38.8;7.6;1142;883;934;33;1519;123;24;16;295;134
10;Freiburg;2019;320295.5;1670.4;191.7;22.8;11748;3667.9;5030;42.8;275.1;102.7;344.1;233.8;14.7;411.2;35.6;13.4;1102;749;881;47;1317;114;43;15;205;166
10;Freiburg;2020;323689.0;1670.4;193.8;23.1;11718;3620.1;5348;45.6;280.5;108.4;268.2;197.4;10.5;448.3;57.8;7.1;868;639;908;34;1451;187;23;16;196;156
10;Freiburg;2021;327703.5;1670.4;196.2;23.3;11548;3523.9;5324;46.1;262.1;99.8;275.2;190.7;6.4;451.3;58.6;9.2;902;625;859;21;1479;192;30;23;206;155
10;Freiburg;2022;332162.5;1670.4;198.9;23.7;12829;3862.3;6053;47.2;292.3;118.6;331.8;190.9;7.2;377.8;77.4;14.5;1102;634;971;24;1255;257;48;16;205;149
10;Freiburg;2023;338001.0;1670.4;202.3;24.7;15434;4566.3;6927;44.9;272.2;104.7;375.1;208.3;9.5;441.7;152.4;15.1;1268;704;920;32;1493;515;51;37;229;173
10;Freiburg;2024;344105.5;1670.4;206.0;25.3;15770;4582.9;7215;45.8;283.1;112.8;408.9;279.9;11.0;389.1;100.6;16.3;1407;963;974;38;1339;346;56;46;256;311
10;Freiburg;2025;348796.0;1670.4;208.8;25.8;16174;4637.1;7348;45.4;211.6;85.4;409.1;280.1;12.9;385.6;70.5;26.4;1427;977;738;45;1345;246;92;39;362;302
11;Solothurn;2009;252289.0;787.3;320.4;19.3;16216;6427.5;4311;26.6;315.1;67.8;602.5;683.3;22.2;826.4;40.8;5.9;1520;1724;795;56;2085;103;15;6;180;110
11;Solothurn;2010;253753.0;787.3;322.3;19.7;16472;6491.4;4975;30.2;322.4;56.0;546.2;700.7;28.0;697.5;35.5;11.4;1386;1778;818;71;1770;90;29;5;201;151
11;Solothurn;2011;256137.0;787.3;325.3;19.7;16751;6539.9;4872;29.1;328.7;61.7;592.7;678.9;22.3;542.3;67.9;8.2;1518;1739;842;57;1389;174;21;3;178;175
11;Solothurn;2012;258136.5;787.3;327.9;20.0;19834;7683.5;6303;31.8;337.8;62.0;675.2;730.2;20.9;476.9;93.7;8.5;1743;1885;872;54;1231;242;22;6;166;150
11;Solothurn;2013;260360.0;787.3;330.7;20.3;18014;6918.9;5076;28.2;355.7;58.4;630.7;749.0;15.4;499.7;63.4;6.9;1642;1950;926;40;1301;165;18;5;168;127
11;Solothurn;2014;262578.0;787.3;333.5;20.8;16321;6215.7;4996;30.6;318.0;46.1;514.5;692.0;20.2;520.6;56.7;4.2;1351;1817;835;53;1367;149;11;4;145;161
11;Solothurn;2015;265068.5;787.3;336.7;21.4;16018;6043.0;6141;38.3;326.3;59.6;480.6;559.1;17.4;498.0;40.7;9.1;1274;1482;865;46;1320;108;24;9;173;159
11;Solothurn;2016;267929.5;787.3;340.3;22.0;14133;5274.9;5606;39.7;355.7;63.1;366.9;449.7;14.9;486.7;47.4;7.8;983;1205;953;40;1304;127;21;3;140;174
11;Solothurn;2017;270436.5;787.3;343.5;22.3;14733;5447.9;5741;39.0;325.4;54.0;360.5;527.7;14.4;488.1;58.4;8.5;975;1427;880;39;1320;158;23;6;149;194
11;Solothurn;2018;272313.0;787.3;345.9;22.6;14112;5182.3;5788;41.0;309.9;60.6;373.5;428.6;12.5;501.6;62.1;8.8;1017;1167;844;34;1366;169;24;2;199;193
11;Solothurn;2019;274220.5;787.3;348.3;22.9;14698;5359.9;6797;46.2;375.2;65.3;343.2;332.2;10.9;517.8;67.5;8.0;941;911;1029;30;1420;185;22;7;177;164
11;Solothurn;2020;276354.5;787.3;351.0;23.4;15086;5458.9;6545;43.4;360.4;60.1;370.5;309.0;13.4;572.8;83.2;9.4;1024;854;996;37;1583;230;26;1;185;120
11;Solothurn;2021;278853.5;787.3;354.2;23.7;14521;5207.4;6342;43.7;323.1;57.0;357.9;260.4;14.3;535.0;123.7;6.5;998;726;901;40;1492;345;18;3;176;118
11;Solothurn;2022;281326.5;787.3;357.3;24.1;18638;6625.0;7126;38.2;354.7;71.4;603.6;373.9;15.6;515.1;139.3;12.1;1698;1052;998;44;1449;392;34;9;281;90
11;Solothurn;2023;284626.0;787.3;361.5;25.0;21746;7640.2;8394;38.6;348.2;74.8;476.4;400.5;15.1;443.7;184.5;9.5;1356;1140;991;43;1263;525;27;11;262;138
11;Solothurn;2024;288318.0;787.3;366.2;25.6;23018;7983.5;8781;38.1;292.4;60.0;474.1;560.5;16.6;424.2;190.1;8.3;1367;1616;843;48;1223;548;24;6;274;290
11;Solothurn;2025;290687.5;787.3;369.2;25.9;23227;7990.4;9239;39.8;297.9;63.6;412.5;671.2;12.7;406.6;173.4;12.0;1199;1951;866;37;1182;504;35;9;278;342
12;Basel-Stadt;2009;187285.0;34.8;5381.8;31.5;20467;10928.3;6546;32.0;756.6;262.7;1626.4;680.8;87.0;1073.2;123.9;22.4;3046;1275;1417;163;2010;232;42;12;381;172
12;Basel-Stadt;2010;188664.5;34.8;5421.4;32.2;19812;10501.2;6990;35.3;757.4;300.0;1470.3;568.7;94.3;888.9;148.9;13.8;2774;1073;1429;178;1677;281;26;12;330;196
12;Basel-Stadt;2011;185602.5;34.8;5333.4;33.1;22048;11879.2;7569;34.3;831.9;347.5;1794.2;672.4;104.0;814.1;300.6;18.9;3330;1248;1544;193;1511;558;35;15;374;219
12;Basel-Stadt;2012;186840.0;34.8;5369.0;33.6;27052;14478.7;8075;29.8;793.7;317.4;2157.5;1096.1;127.4;906.7;222.1;19.8;4031;2048;1483;238;1694;415;37;7;319;371
12;Basel-Stadt;2013;188380.0;34.8;5413.2;34.3;24040;12761.4;7167;29.8;724.1;288.8;2235.4;853.1;108.8;845.6;163.5;19.1;4211;1607;1364;205;1593;308;36;15;376;214
12;Basel-Stadt;2014;189957.5;34.8;5458.5;34.8;21485;11310.4;7495;34.9;727.5;266.9;1805.1;709.6;71.6;715.4;117.4;16.3;3429;1348;1382;136;1359;223;31;8;378;208
12;Basel-Stadt;2015;191198.5;34.8;5494.2;35.2;20961;10963.0;7310;34.9;786.6;265.7;1620.3;710.3;55.4;661.6;124.0;16.7;3098;1358;1504;106;1265;237;32;9;298;189
12;Basel-Stadt;2016;192443.5;34.8;5530.0;35.8;21118;10973.6;7805;37.0;732.7;282.2;1400.9;695.8;64.4;765.9;137.2;17.1;2696;1339;1410;124;1474;264;33;6;300;317
12;Basel-Stadt;2017;193489.0;34.8;5560.0;36.0;21910;11323.6;7946;36.3;742.2;258.4;1373.7;709.1;42.9;706.0;165.9;12.9;2658;1372;1436;83;1366;321;25;16;305;240
12;Basel-Stadt;2018;194337.0;34.8;5584.4;36.4;20617;10608.9;7807;37.9;718.3;198.1;1359.5;526.9;45.3;895.4;155.9;15.4;2642;1024;1396;88;1740;303;30;19;299;211
12;Basel-Stadt;2019;195305.0;34.8;5612.2;36.6;21234;10872.2;8637;40.7;708.1;193.5;1422.4;489.0;45.1;730.1;166.9;15.4;2778;955;1383;88;1426;326;30;17;371;171
12;Basel-Stadt;2020;196289.5;34.8;5640.5;36.9;20190;10285.8;8561;42.4;683.2;162.0;1219.1;401.4;58.1;749.4;180.3;11.7;2393;788;1341;114;1471;354;23;7;370;195
12;Basel-Stadt;2021;196385.5;34.8;5643.3;36.8;22585;11500.3;8868;39.3;637.0;161.9;1220.0;650.3;48.4;733.3;208.3;11.7;2396;1277;1251;95;1440;409;23;16;365;244
12;Basel-Stadt;2022;196411.0;34.8;5644.0;37.3;25262;12861.8;9563;37.9;801.9;207.7;1953.6;518.8;71.8;717.9;388.5;20.9;3837;1019;1575;141;1410;763;41;13;537;223
12;Basel-Stadt;2023;198408.5;34.8;5701.4;38.3;28574;14401.6;9612;33.6;700.1;194.5;2146.1;551.9;84.7;627.0;419.3;16.6;4258;1095;1389;168;1244;832;33;19;505;191
12;Basel-Stadt;2024;200707.5;34.8;5767.5;38.7;30939;15415.0;9766;31.6;693.5;188.3;1931.2;754.3;68.3;681.1;426.0;22.9;3876;1514;1392;137;1367;855;46;17;501;211
12;Basel-Stadt;2025;202770.5;34.8;5826.7;39.2;29725;14659.4;10540;35.5;744.7;174.1;1616.6;743.7;68.6;700.3;364.0;29.6;3278;1508;1510;139;1420;738;60;25;502;302
13;Basel-Landschaft;2009;272014.5;510.4;532.9;18.9;13962;5132.8;3218;23.0;265.8;100.0;486.4;599.6;14.7;751.1;29.4;7.0;1323;1631;723;40;2043;80;19;13;158;224
13;Basel-Landschaft;2010;273351.0;510.4;535.6;19.1;13139;4806.6;2903;22.1;266.3;83.0;469.7;579.8;13.9;669.1;31.1;5.1;1284;1585;728;38;1829;85;14;4;144;180
13;Basel-Landschaft;2011;274882.0;510.4;538.6;19.6;12872;4682.7;2597;20.2;224.1;81.9;522.8;559.1;15.3;454.4;53.5;3.6;1437;1537;616;42;1249;147;10;4;115;172
13;Basel-Landschaft;2012;275948.5;510.4;540.7;20.1;13938;5050.9;2603;18.7;164.2;58.0;536.3;723.7;16.3;435.2;60.5;4.3;1480;1997;453;45;1201;167;12;26;143;187
13;Basel-Landschaft;2013;277596.5;510.4;543.9;20.7;15504;5585.1;3240;20.9;177.2;61.2;551.9;824.2;17.3;403.8;55.8;7.2;1532;2288;492;48;1121;155;20;2;184;265
13;Basel-Landschaft;2014;279978.5;510.4;548.5;21.3;15496;5534.7;3189;20.6;223.6;86.8;441.5;843.6;13.6;389.0;46.1;3.9;1236;2362;626;38;1089;129;11;5;146;273
13;Basel-Landschaft;2015;282266.0;510.4;553.0;21.8;12792;4531.9;2926;22.9;193.1;66.2;365.6;597.3;11.3;317.8;26.6;3.5;1032;1686;545;32;897;75;10;2;173;187
13;Basel-Landschaft;2016;284427.5;510.4;557.3;22.3;11926;4193.0;3245;27.2;169.1;60.1;339.6;515.8;6.7;328.4;28.8;3.5;966;1467;481;19;934;82;10;1;204;324
13;Basel-Landschaft;2017;286323.5;510.4;561.0;22.5;11078;3869.1;3312;29.9;148.4;55.5;290.6;455.1;4.9;327.6;36.0;5.2;832;1303;425;14;938;103;15;1;139;317
13;Basel-Landschaft;2018;287577.5;510.4;563.4;22.8;9806;3409.9;3196;32.6;169.0;70.9;282.4;351.2;8.3;355.4;21.6;2.1;812;1010;486;24;1022;62;6;2;140;221
13;Basel-Landschaft;2019;288800.0;510.4;565.8;23.1;10441;3615.3;3330;31.9;181.4;57.1;284.3;302.6;8.7;469.9;48.8;4.5;821;874;524;25;1357;141;13;2;168;141
13;Basel-Landschaft;2020;290218.5;510.4;568.6;23.6;10525;3626.6;3345;31.8;179.9;66.2;251.9;275.3;8.3;374.5;56.2;5.5;731;799;522;24;1087;163;16;5;121;147
13;Basel-Landschaft;2021;291893.0;510.4;571.9;23.7;11793;4040.2;3502;29.7;166.8;56.5;274.1;339.5;6.9;376.5;98.0;4.8;800;991;487;20;1099;286;14;2;116;210
13;Basel-Landschaft;2022;293617.0;510.4;575.3;24.0;12422;4230.7;3850;31.0;192.4;64.7;306.5;293.2;12.6;318.1;137.3;4.4;900;861;565;37;934;403;13;6;154;178
13;Basel-Landschaft;2023;296627.0;510.4;581.2;25.0;15887;5355.9;4877;30.7;185.1;53.6;412.0;419.7;8.1;306.1;132.8;4.0;1222;1245;549;24;908;394;12;4;163;325
13;Basel-Landschaft;2024;300080.0;510.4;587.9;25.5;15776;5257.3;5137;32.6;225.9;67.3;353.2;468.2;10.0;292.9;154.0;7.3;1060;1405;678;30;879;462;22;8;198;374
13;Basel-Landschaft;2025;302597.5;510.4;592.9;25.9;16034;5298.8;5070;31.6;230.3;61.8;336.4;455.1;5.9;294.1;198.6;8.9;1018;1377;697;18;890;601;27;4;237;258
14;Schaffhausen;2009;75480.0;295.2;255.7;22.9;4296;5691.6;1923;44.8;552.5;193.4;532.6;365.7;34.4;1082.4;37.1;10.6;402;276;417;26;817;28;8;0;79;57
14;Schaffhausen;2010;76001.0;295.2;257.5;23.0;3932;5173.6;1860;47.3;405.3;151.3;459.2;331.6;22.4;748.7;32.9;11.8;349;252;308;17;569;25;9;4;90;63
14;Schaffhausen;2011;76747.5;295.2;260.0;23.6;3383;4408.0;1488;44.0;367.4;157.7;433.9;235.8;22.2;664.5;31.3;3.9;333;181;282;17;510;24;3;0;69;21
14;Schaffhausen;2012;77547.0;295.2;262.7;24.1;3580;4616.6;1725;48.2;368.8;126.4;628.0;247.6;21.9;573.8;45.1;7.7;487;192;286;17;445;35;6;0;124;42
14;Schaffhausen;2013;78369.0;295.2;265.5;24.7;3325;4242.7;1470;44.2;290.9;119.9;557.6;274.3;24.2;533.4;57.4;0.0;437;215;228;19;418;45;0;1;112;50
14;Schaffhausen;2014;79100.0;295.2;268.0;25.0;3865;4886.2;1623;42.0;285.7;111.3;595.4;417.2;13.9;682.7;43.0;5.1;471;330;226;11;540;34;4;1;147;75
14;Schaffhausen;2015;79626.5;295.2;269.7;25.3;3634;4563.8;1739;47.9;295.1;108.0;498.6;322.8;16.3;489.8;42.7;6.3;397;257;235;13;390;34;5;1;127;80
14;Schaffhausen;2016;80302.5;295.2;272.0;25.9;3680;4582.7;1971;53.6;367.4;144.5;394.8;288.9;17.4;480.7;39.8;6.2;317;232;295;14;386;32;5;0;78;80
14;Schaffhausen;2017;81060.0;295.2;274.6;26.0;3816;4707.6;2144;56.2;387.4;153.0;397.2;308.4;17.3;398.5;44.4;12.3;322;250;314;14;323;36;10;1;117;91
14;Schaffhausen;2018;81671.0;295.2;276.7;26.1;3770;4616.1;1967;52.2;313.5;109.0;502.0;211.8;15.9;540.0;44.1;14.7;410;173;256;13;441;36;12;0;136;30
14;Schaffhausen;2019;82169.5;295.2;278.4;26.1;3438;4184.0;1944;56.5;354.1;109.5;344.4;174.0;17.0;419.9;66.9;15.8;283;143;291;14;345;55;13;5;63;42
14;Schaffhausen;2020;82727.5;295.2;280.2;26.3;3370;4073.6;1854;55.0;414.6;151.1;303.4;116.0;10.9;453.3;41.1;12.1;251;96;343;9;375;34;10;9;70;15
14;Schaffhausen;2021;83551.0;295.2;283.0;26.6;3629;4343.5;1964;54.1;378.2;126.9;317.2;146.0;23.9;430.9;102.9;10.8;265;122;316;20;360;86;9;0;75;38
14;Schaffhausen;2022;84604.5;295.2;286.6;27.2;4254;5028.1;2377;55.9;500.0;133.6;313.2;186.8;9.5;423.1;69.7;10.6;265;158;423;8;358;59;9;1;47;28
14;Schaffhausen;2023;86162.5;295.2;291.9;28.3;4888;5673.0;2474;50.6;452.6;117.2;438.7;199.6;10.4;342.4;143.9;13.9;378;172;390;9;295;124;12;1;114;29
14;Schaffhausen;2024;87889.0;295.2;297.7;28.9;5298;6028.1;2646;49.9;505.2;137.7;424.4;238.9;23.9;349.3;155.9;21.6;373;210;444;21;307;137;19;6;107;27
14;Schaffhausen;2025;89377.0;295.2;302.8;29.4;5372;6010.5;2613;48.6;550.5;104.1;414.0;259.6;6.7;365.9;186.8;20.1;370;232;492;6;327;167;18;3;84;6
15;Appenzell Ausserrhoden;2009;53048.5;244.7;216.8;13.9;2367;4462.0;1307;55.2;312.9;98.0;322.3;199.8;17.0;624.0;17.0;3.8;171;106;166;9;331;9;2;0;41;29
15;Appenzell Ausserrhoden;2010;52990.5;244.7;216.6;14.0;2145;4047.9;1313;61.2;249.1;58.5;264.2;168.0;11.3;500.1;18.9;7.5;140;89;132;6;265;10;4;0;40;28
15;Appenzell Ausserrhoden;2011;53165.0;244.7;217.3;14.5;2113;3974.4;1398;66.2;293.4;62.1;214.4;124.1;5.6;427.0;15.0;5.6;114;66;156;3;227;8;3;1;42;22
15;Appenzell Ausserrhoden;2012;53375.5;244.7;218.1;14.7;2823;5288.9;1677;59.4;277.3;31.8;329.7;266.0;5.6;522.7;127.4;0.0;176;142;148;3;279;68;0;0;41;23
15;Appenzell Ausserrhoden;2013;53564.5;244.7;218.9;15.0;2089;3900.0;1295;62.0;250.2;41.1;278.2;188.6;3.7;315.5;22.4;5.6;149;101;134;2;169;12;3;0;36;18
15;Appenzell Ausserrhoden;2014;53877.5;244.7;220.2;15.4;2076;3853.2;1255;60.5;245.0;48.3;232.0;235.7;1.9;436.2;26.0;5.6;125;127;132;1;235;14;3;0;30;48
15;Appenzell Ausserrhoden;2015;54303.5;244.7;221.9;15.7;1960;3609.3;1217;62.1;224.7;23.9;184.2;152.8;9.2;331.5;18.4;0.0;100;83;122;5;180;10;0;2;31;10
15;Appenzell Ausserrhoden;2016;54748.5;244.7;223.7;16.2;1725;3150.8;1113;64.5;149.8;23.7;169.9;127.9;5.5;246.6;31.1;3.7;93;70;82;3;135;17;2;0;35;10
15;Appenzell Ausserrhoden;2017;55066.0;244.7;225.0;16.3;1568;2847.5;1061;67.7;168.9;25.4;154.4;94.4;3.6;268.8;16.3;3.6;85;52;93;2;148;9;2;0;29;10
15;Appenzell Ausserrhoden;2018;55206.0;244.7;225.6;16.3;1586;2872.9;1069;67.4;184.8;25.4;132.2;130.4;0.0;219.2;16.3;1.8;73;72;102;0;121;9;1;0;22;22
15;Appenzell Ausserrhoden;2019;55339.5;244.7;226.2;16.5;1778;3212.9;1173;66.0;171.7;21.7;144.6;94.0;3.6;316.2;36.1;5.4;80;52;95;2;175;20;3;0;29;7
15;Appenzell Ausserrhoden;2020;55377.0;244.7;226.3;16.6;1723;3111.4;1026;59.5;193.2;19.9;164.3;110.2;19.9;288.9;28.9;3.6;91;61;107;11;160;16;2;3;23;11
15;Appenzell Ausserrhoden;2021;55447.0;244.7;226.6;16.6;1655;2984.8;983;59.4;165.9;12.6;126.2;110.0;7.2;243.5;36.1;3.6;70;61;92;4;135;20;2;0;20;4
15;Appenzell Ausserrhoden;2022;55672.0;244.7;227.5;16.8;1991;3576.3;1194;60.0;176.0;28.7;118.6;122.1;10.8;328.7;55.7;7.2;66;68;98;6;183;31;4;0;19;5
15;Appenzell Ausserrhoden;2023;56127.0;244.7;229.4;17.8;2457;4377.6;1411;57.4;201.3;32.1;167.5;249.4;7.1;456.1;92.6;5.3;94;140;113;4;256;52;3;0;40;69
15;Appenzell Ausserrhoden;2024;56600.0;244.7;231.3;18.2;2293;4051.2;1308;57.0;236.7;40.6;180.2;143.1;5.3;277.4;90.1;15.9;102;81;134;3;157;51;9;0;38;29
15;Appenzell Ausserrhoden;2025;56963.0;244.7;232.8;18.2;1824;3202.1;848;46.5;172.0;33.4;187.8;138.7;1.8;279.1;136.9;8.8;107;79;98;1;159;78;5;0;29;18
16;Appenzell Innerrhoden;2009;15615.0;169.4;92.2;10.0;419;2683.3;104;24.8;204.9;70.4;256.2;25.6;0.0;505.9;6.4;0.0;40;4;32;0;79;1;0;4;7;0
16;Appenzell Innerrhoden;2010;15668.0;169.4;92.5;9.8;539;3440.1;222;41.2;159.6;63.8;382.9;134.0;0.0;382.9;0.0;0.0;60;21;25;0;60;0;0;0;15;9
16;Appenzell Innerrhoden;2011;15715.5;169.4;92.8;10.1;365;2322.5;120;32.9;159.1;63.6;330.9;82.7;0.0;318.2;12.7;0.0;52;13;25;0;50;2;0;0;16;3
16;Appenzell Innerrhoden;2012;15730.0;169.4;92.9;10.1;370;2352.2;146;39.5;146.2;44.5;279.7;89.0;0.0;406.9;31.8;0.0;44;14;23;0;64;5;0;1;13;4
16;Appenzell Innerrhoden;2013;15747.5;169.4;93.0;10.5;370;2349.6;176;47.6;184.2;63.5;336.6;114.3;19.1;165.1;12.7;0.0;53;18;29;3;26;2;0;1;19;8
16;Appenzell Innerrhoden;2014;15816.0;169.4;93.4;10.6;388;2453.2;155;39.9;208.6;50.6;202.3;88.5;6.3;202.3;107.5;0.0;32;14;33;1;32;17;0;1;5;1
16;Appenzell Innerrhoden;2015;15914.0;169.4;93.9;10.9;309;1941.7;125;40.5;150.8;56.6;106.8;75.4;6.3;144.5;0.0;0.0;17;12;24;1;23;0;0;0;6;0
16;Appenzell Innerrhoden;2016;15988.5;169.4;94.4;11.1;522;3264.8;310;59.4;106.3;43.8;181.4;93.8;6.3;118.8;18.8;0.0;29;15;17;1;19;3;0;0;6;4
16;Appenzell Innerrhoden;2017;16054.0;169.4;94.8;11.4;368;2292.3;212;57.6;118.4;43.6;155.7;43.6;0.0;130.8;0.0;6.2;25;7;19;0;21;0;1;0;6;0
16;Appenzell Innerrhoden;2018;16125.0;169.4;95.2;11.3;339;2102.3;179;52.8;179.8;86.8;124.0;68.2;0.0;155.0;6.2;12.4;20;11;29;0;25;1;2;1;2;3
16;Appenzell Innerrhoden;2019;16136.5;169.4;95.3;11.3;276;1710.4;130;47.1;117.7;24.8;142.5;24.8;0.0;161.1;12.4;0.0;23;4;19;0;26;2;0;0;4;1
16;Appenzell Innerrhoden;2020;16210.5;169.4;95.7;11.5;322;1986.4;170;52.8;265.3;86.4;117.2;67.9;0.0;215.9;6.2;6.2;19;11;43;0;35;1;1;0;3;0
16;Appenzell Innerrhoden;2021;16326.5;169.4;96.4;11.5;329;2015.1;158;48.0;171.5;55.1;183.8;18.4;0.0;312.4;24.5;18.4;30;3;28;0;51;4;3;0;10;1
16;Appenzell Innerrhoden;2022;16388.0;169.4;96.7;11.6;553;3374.4;280;50.6;213.6;36.6;244.1;91.5;0.0;738.3;262.4;6.1;40;15;35;0;121;43;1;0;18;4
16;Appenzell Innerrhoden;2023;16500.5;169.4;97.4;12.5;569;3448.4;237;41.7;206.1;60.6;297.0;72.7;0.0;581.8;72.7;0.0;49;12;34;0;96;12;0;0;14;3
16;Appenzell Innerrhoden;2024;16659.0;169.4;98.3;12.7;525;3151.4;236;45.0;150.1;60.0;78.0;192.1;0.0;180.1;18.0;0.0;13;32;25;0;30;3;0;0;5;5
16;Appenzell Innerrhoden;2025;16811.5;169.4;99.2;13.0;611;3634.4;375;61.4;113.0;35.7;83.3;95.2;29.7;142.8;59.5;5.9;14;16;19;5;24;10;1;0;6;2
17;St. Gallen;2009;472914.0;2039.5;231.9;21.7;24162;5109.2;5831;24.1;310.4;81.0;647.3;324.4;27.5;574.7;41.0;4.2;3061;1534;1468;130;2718;194;20;9;291;160
17;St. Gallen;2010;476211.0;2039.5;233.5;21.7;23286;4889.8;8118;34.9;294.8;78.1;502.1;351.9;22.7;577.5;52.7;5.5;2391;1676;1404;108;2750;251;26;7;396;322
17;St. Gallen;2011;481031.5;2039.5;235.9;22.1;23389;4862.3;7736;33.1;292.9;74.6;483.1;336.8;23.9;531.4;48.4;7.3;2324;1620;1409;115;2556;233;35;7;383;273
17;St. Gallen;2012;485108.0;2039.5;237.9;22.5;24632;5077.6;8354;33.9;267.2;76.7;533.9;440.5;26.4;446.9;64.7;6.4;2590;2137;1296;128;2168;314;31;10;401;314
17;St. Gallen;2013;489379.5;2039.5;240.0;22.9;21866;4468.1;7429;34.0;208.0;54.6;483.9;396.2;27.2;357.2;57.6;4.1;2368;1939;1018;133;1748;282;20;2;324;344
17;St. Gallen;2014;493761.5;2039.5;242.1;23.3;20242;4099.6;7146;35.3;190.4;52.7;372.0;387.8;19.2;361.5;36.3;5.9;1837;1915;940;95;1785;179;29;7;319;389
17;St. Gallen;2015;497444.5;2039.5;243.9;23.5;18574;3733.9;6832;36.8;191.2;51.1;362.9;315.6;13.5;331.3;39.8;4.6;1805;1570;951;67;1648;198;23;11;303;234
17;St. Gallen;2016;500808.5;2039.5;245.6;23.8;17935;3581.2;7489;41.8;156.1;42.5;304.3;289.7;14.0;277.6;41.3;4.6;1524;1451;782;70;1390;207;23;4;274;369
17;St. Gallen;2017;503619.0;2039.5;246.9;24.0;17237;3422.6;7003;40.6;173.5;48.6;409.6;225.0;9.7;313.7;36.7;5.8;2063;1133;874;49;1580;185;29;13;309;317
17;St. Gallen;2018;506191.5;2039.5;248.2;24.1;18433;3641.5;8451;45.8;181.0;47.0;281.3;235.5;13.8;339.6;41.9;3.6;1424;1192;916;70;1719;212;18;2;286;329
17;St. Gallen;2019;509215.5;2039.5;249.7;24.4;18648;3662.1;8486;45.5;192.6;58.7;313.0;244.5;19.0;334.2;64.8;8.8;1594;1245;981;97;1702;330;45;3;425;422
17;St. Gallen;2020;512619.0;2039.5;251.3;24.7;19123;3730.5;9931;51.9;247.4;62.2;370.6;175.4;16.4;380.4;68.7;6.6;1900;899;1268;84;1950;352;34;12;959;237
17;St. Gallen;2021;516874.5;2039.5;253.4;24.9;18529;3584.8;9517;51.4;213.8;54.2;241.5;157.7;15.3;371.9;83.2;7.9;1248;815;1105;79;1922;430;41;23;427;194
17;St. Gallen;2022;522606.0;2039.5;256.2;25.5;21409;4096.6;10755;50.2;251.4;63.7;249.9;226.0;21.6;371.2;95.3;7.8;1306;1181;1314;113;1940;498;41;15;367;394
17;St. Gallen;2023;530540.5;2039.5;260.1;26.5;23930;4510.5;11202;46.8;229.2;64.8;315.2;206.4;19.8;313.1;107.6;4.7;1672;1095;1216;105;1661;571;25;13;429;277
17;St. Gallen;2024;537575.0;2039.5;263.6;27.0;26093;4853.8;11888;45.6;248.7;64.5;341.0;231.6;18.4;277.0;227.9;8.4;1833;1245;1337;99;1489;1225;45;29;540;391
17;St. Gallen;2025;542038.0;2039.5;265.8;27.2;26651;4916.8;12355;46.4;245.4;67.3;307.5;279.1;10.9;281.9;274.7;11.4;1667;1513;1330;59;1528;1489;62;15;491;438
18;Graubünden;2009;191160.0;7087.1;27.0;16.1;8156;4266.6;2607;32.0;284.1;133.9;713.5;309.7;8.4;480.2;24.6;5.8;1364;592;543;16;918;47;11;3;145;155
18;Graubünden;2010;192281.5;7087.1;27.1;16.5;8427;4382.6;2687;31.9;286.6;139.4;761.4;310.0;6.2;560.1;23.4;4.2;1464;596;551;12;1077;45;8;4;136;142
18;Graubünden;2011;193004.5;7087.1;27.2;17.0;8224;4261.0;2403;29.2;222.3;113.0;726.4;283.9;17.6;482.4;41.4;4.7;1402;548;429;34;931;80;9;0;144;77
18;Graubünden;2012;193654.0;7087.1;27.3;17.3;8890;4590.7;2810;31.6;216.4;85.7;673.4;381.1;11.4;389.4;34.6;5.7;1304;738;419;22;754;67;11;2;128;95
18;Graubünden;2013;194439.5;7087.1;27.4;17.7;8183;4208.5;2573;31.4;205.2;90.0;560.1;409.9;9.8;318.4;26.7;2.1;1089;797;399;19;619;52;4;3;88;169
18;Graubünden;2014;195422.5;7087.1;27.6;18.1;8196;4194.0;2836;34.6;193.4;78.8;532.7;404.3;10.2;346.9;28.7;4.1;1041;790;378;20;678;56;8;1;90;219
18;Graubünden;2015;196248.0;7087.1;27.7;18.3;7086;3610.7;2595;36.6;175.3;63.7;439.2;302.2;5.1;270.6;33.1;5.6;862;593;344;10;531;65;11;2;86;126
18;Graubünden;2016;197080.0;7087.1;27.8;18.5;6870;3485.9;2824;41.1;201.4;76.6;387.2;218.2;11.7;345.0;13.7;4.6;763;430;397;23;680;27;9;3;99;84
18;Graubünden;2017;197719.0;7087.1;27.9;18.6;6287;3179.8;2560;40.7;189.7;69.8;338.4;209.9;5.1;296.4;19.7;6.6;669;415;375;10;586;39;13;3;60;112
18;Graubünden;2018;198133.5;7087.1;28.0;18.6;6808;3436.1;2922;42.9;189.3;78.2;331.1;202.9;11.1;255.4;34.3;4.0;656;402;375;22;506;68;8;1;58;94
18;Graubünden;2019;198700.0;7087.1;28.0;18.8;6579;3311.0;3302;50.2;200.3;67.9;316.1;172.1;14.1;245.1;29.2;7.0;628;342;398;28;487;58;14;3;86;136
18;Graubünden;2020;199558.5;7087.1;28.2;19.0;6531;3272.7;3435;52.6;181.4;65.6;268.1;182.9;12.5;251.1;39.6;5.5;535;365;362;25;501;79;11;0;65;137
18;Graubünden;2021;200736.0;7087.1;28.3;19.3;6575;3275.4;3227;49.1;151.4;58.8;209.7;178.8;7.0;298.4;53.3;4.0;421;359;304;14;599;107;8;3;82;136
18;Graubünden;2022;201957.0;7087.1;28.5;19.7;8531;4224.2;4577;53.7;205.0;73.3;287.7;273.8;11.4;303.0;96.1;6.4;581;553;414;23;612;194;13;2;91;285
18;Graubünden;2023;203713.0;7087.1;28.7;20.6;10528;5168.1;4788;45.5;201.3;78.1;337.2;328.9;10.8;333.3;147.3;7.9;687;670;410;22;679;300;16;7;93;279
18;Graubünden;2024;205513.0;7087.1;29.0;21.0;10088;4908.7;4286;42.5;209.7;81.3;372.2;242.8;8.3;271.0;156.2;2.9;765;499;431;17;557;321;6;12;89;135
18;Graubünden;2025;206769.0;7087.1;29.2;21.2;10508;5082.0;4624;44.0;250.0;112.2;361.3;286.8;7.7;252.5;190.6;7.7;747;593;517;16;522;394;16;6;116;170
19;Aargau;2009;595836.0;1398.6;426.0;21.5;32735;5494.0;11771;36.0;244.0;84.3;421.6;355.0;15.4;548.0;51.5;7.2;2512;2115;1454;92;3265;307;43;10;342;293
19;Aargau;2010;604169.5;1398.6;432.0;21.8;31726;5251.2;11572;36.5;273.6;98.3;434.6;390.0;18.9;490.6;43.9;7.4;2626;2356;1653;114;2964;265;45;9;402;266
19;Aargau;2011;614882.0;1398.6;439.6;22.3;32976;5363.0;10856;32.9;252.9;76.1;432.1;391.1;14.6;391.1;54.0;5.2;2657;2405;1555;90;2405;332;32;15;322;279
19;Aargau;2012;622819.0;1398.6;445.3;22.8;34999;5619.4;12435;35.5;233.5;65.0;489.1;432.5;14.6;336.5;61.7;4.5;3046;2694;1454;91;2096;384;28;3;380;337
19;Aargau;2013;631851.0;1398.6;451.8;23.3;34290;5426.9;14092;41.1;222.0;64.1;438.6;433.5;11.2;309.3;63.1;2.8;2771;2739;1403;71;1954;399;18;1;334;351
19;Aargau;2014;640819.5;1398.6;458.2;23.9;32168;5019.8;14004;43.5;217.7;56.5;367.8;379.2;11.1;297.0;44.0;4.7;2357;2430;1395;71;1903;282;30;2;265;316
19;Aargau;2015;649476.0;1398.6;464.4;24.2;26876;4138.1;11776;43.8;209.1;54.4;291.6;301.5;6.5;263.6;34.2;3.8;1894;1958;1358;42;1712;222;25;11;276;270
19;Aargau;2016;658568.5;1398.6;470.9;24.7;32783;4977.9;18732;57.1;198.6;47.2;254.9;262.5;8.2;256.0;31.0;4.7;1679;1729;1308;54;1686;204;31;2;238;257
19;Aargau;2017;667225.0;1398.6;477.1;24.9;23601;3537.2;10519;44.6;188.1;49.5;269.0;228.1;5.7;262.1;31.3;4.8;1795;1522;1255;38;1749;209;32;1;363;215
19;Aargau;2018;674597.5;1398.6;482.3;25.1;25078;3717.5;11596;46.2;223.7;46.2;230.2;228.6;6.2;270.8;43.0;3.9;1553;1542;1509;42;1827;290;26;3;289;295
19;Aargau;2019;682026.0;1398.6;487.6;25.3;24501;3592.4;11503;46.9;236.4;50.9;247.2;198.7;8.7;255.6;42.4;5.7;1686;1355;1612;59;1743;289;39;3;358;195
19;Aargau;2020;689958.5;1398.6;493.3;25.5;23945;3470.5;11754;49.1;230.6;40.6;208.7;168.7;7.7;294.5;47.0;7.2;1440;1164;1591;53;2032;324;50;4;312;170
19;Aargau;2021;698579.0;1398.6;499.5;25.8;25407;3637.0;12723;50.1;223.9;42.7;206.7;155.2;8.7;304.8;64.4;5.3;1444;1084;1564;61;2129;450;37;10;329;176
19;Aargau;2022;707159.0;1398.6;505.6;26.2;32212;4555.1;14367;44.6;241.1;42.7;249.0;276.2;10.0;276.6;96.2;5.9;1761;1953;1705;71;1956;680;42;14;358;334
19;Aargau;2023;719063.0;1398.6;514.1;27.3;33647;4679.3;15084;44.8;234.3;37.0;210.6;237.1;7.6;245.2;124.6;6.0;1514;1705;1685;55;1763;896;43;11;366;226
19;Aargau;2024;731351.0;1398.6;522.9;27.8;35415;4842.4;15274;43.1;222.6;40.3;207.3;254.2;8.6;259.9;173.0;5.6;1516;1859;1628;63;1901;1265;41;12;355;318
19;Aargau;2025;739788.0;1398.6;528.9;28.1;35023;4734.2;15728;44.9;240.7;49.1;242.4;277.6;6.2;239.5;177.5;7.7;1793;2054;1781;46;1772;1313;57;22;430;330
20;Thurgau;2009;243308.0;979.2;248.5;21.0;11347;4663.6;3115;27.5;305.8;78.9;374.4;361.3;16.0;735.3;31.2;5.8;911;879;744;39;1789;76;14;2;122;120
20;Thurgau;2010;246293.0;979.2;251.5;21.4;10073;4089.8;2822;28.0;242.0;67.8;462.1;338.6;13.8;573.7;34.1;3.2;1138;834;596;34;1413;84;8;0;165;107
20;Thurgau;2011;250208.5;979.2;255.5;22.1;10509;4200.1;2976;28.3;181.0;56.4;396.5;355.7;12.8;559.5;40.8;6.4;992;890;453;32;1400;102;16;27;184;152
20;Thurgau;2012;254093.0;979.2;259.5;22.7;11642;4581.8;3526;30.3;220.4;76.0;425.4;428.6;14.2;476.2;72.8;8.7;1081;1089;560;36;1210;185;22;1;148;130
20;Thurgau;2013;258245.5;979.2;263.7;23.4;11822;4577.8;4419;37.4;233.9;72.4;380.3;450.7;15.5;472.4;44.9;5.0;982;1164;604;40;1220;116;13;2;167;172
20;Thurgau;2014;262005.5;979.2;267.6;23.8;11551;4408.7;4724;40.9;212.2;51.1;300.8;435.1;11.1;387.4;26.7;3.8;788;1140;556;29;1015;70;10;7;165;317
20;Thurgau;2015;265581.0;979.2;271.2;24.2;10913;4109.1;4330;39.7;241.7;58.7;293.3;343.0;13.9;348.7;28.6;5.3;779;911;642;37;926;76;14;19;148;154
20;Thurgau;2016;269069.0;979.2;274.8;24.5;10322;3836.2;4427;42.9;233.8;61.3;276.5;268.3;18.2;325.2;26.0;6.3;744;722;629;49;875;70;17;5;157;147
20;Thurgau;2017;272255.0;979.2;278.0;24.7;9179;3371.5;4126;45.0;192.5;50.3;268.9;212.7;8.1;326.5;28.6;5.5;732;579;524;22;889;78;15;1;146;109
20;Thurgau;2018;275136.5;979.2;281.0;24.9;9770;3551.0;4449;45.5;220.3;48.0;258.1;231.5;8.0;339.8;22.5;10.9;710;637;606;22;935;62;30;3;116;118
20;Thurgau;2019;278009.5;979.2;283.9;25.2;9419;3388.0;3914;41.6;215.1;56.1;235.6;229.8;9.7;334.5;37.0;5.4;655;639;598;27;930;103;15;8;140;114
20;Thurgau;2020;281228.0;979.2;287.2;25.5;8527;3032.1;3690;43.3;223.7;60.8;208.7;173.2;6.8;367.3;40.9;3.2;587;487;629;19;1033;115;9;12;129;116
20;Thurgau;2021;284436.5;979.2;290.5;25.7;9435;3317.1;3931;41.7;209.2;51.3;181.1;165.2;8.8;336.8;68.2;7.4;515;470;595;25;958;194;21;7;99;96
20;Thurgau;2022;287807.0;979.2;293.9;26.2;12354;4292.5;5159;41.8;252.6;63.2;264.1;227.9;17.0;354.4;107.4;11.5;760;656;727;49;1020;309;33;1;162;150
20;Thurgau;2023;292435.0;979.2;298.6;27.1;13047;4461.5;4854;37.2;214.4;62.6;280.4;186.4;22.2;308.8;165.8;6.5;820;545;627;65;903;485;19;5;156;101
20;Thurgau;2024;297364.5;979.2;303.7;27.6;14010;4711.4;5486;39.2;263.6;58.5;281.1;237.4;12.1;317.1;194.7;5.7;836;706;784;36;943;579;17;3;197;150
20;Thurgau;2025;301157.5;979.2;307.6;27.9;15583;5174.4;6255;40.1;267.0;67.1;225.8;319.1;11.6;263.0;224.5;7.6;680;961;804;35;792;676;23;4;183;225
21;Tessin;2009;334228.0;2804.0;119.2;25.4;20236;6054.5;7038;34.8;405.7;202.9;577.2;743.2;16.8;644.2;39.2;3.9;1929;2484;1356;56;2153;131;13;39;521;250
21;Tessin;2010;337833.0;2804.0;120.5;26.0;19551;5787.2;6680;34.2;370.3;216.4;428.9;638.5;21.0;606.2;50.9;3.3;1449;2157;1251;71;2048;172;11;36;394;192
21;Tessin;2011;335348.0;2804.0;119.6;26.2;20671;6164.0;6223;30.1;317.0;200.7;472.9;720.4;23.9;543.6;47.7;1.8;1586;2416;1063;80;1823;160;6;18;405;260
21;Tessin;2012;339297.5;2804.0;121.0;26.7;22092;6511.1;6333;28.7;305.0;192.2;482.2;802.0;26.2;557.9;36.3;2.1;1636;2721;1035;89;1893;123;7;13;415;222
21;Tessin;2013;344095.5;2804.0;122.7;27.2;22335;6490.9;6974;31.2;326.7;209.5;431.3;807.9;23.2;569.9;35.7;4.1;1484;2780;1124;80;1961;123;14;8;410;300
21;Tessin;2014;348451.0;2804.0;124.3;27.6;19001;5453.0;6188;32.6;264.3;166.5;369.3;693.4;22.1;478.1;26.1;3.7;1287;2416;921;77;1666;91;13;12;419;362
21;Tessin;2015;351154.5;2804.0;125.2;27.7;16805;4785.6;6050;36.0;274.2;155.5;367.4;515.7;14.5;417.2;21.9;1.7;1290;1811;963;51;1465;77;6;14;514;317
21;Tessin;2016;353160.5;2804.0;125.9;28.1;16856;4772.9;6943;41.2;310.6;186.3;382.0;440.9;15.6;395.6;41.9;4.0;1349;1557;1097;55;1397;148;14;14;568;161
21;Tessin;2017;354042.0;2804.0;126.3;27.9;14072;3974.7;6219;44.2;283.9;172.9;333.9;314.1;13.8;351.9;31.4;4.2;1182;1112;1005;49;1246;111;15;6;523;151
21;Tessin;2018;353526.0;2804.0;126.1;27.8;13558;3835.1;6363;46.9;273.8;158.7;359.2;327.8;9.3;289.7;24.3;2.0;1270;1159;968;33;1024;86;7;9;604;221
21;Tessin;2019;352417.0;2804.0;125.7;27.6;14149;4014.8;6479;45.8;279.8;156.9;406.3;351.9;9.6;301.9;45.1;6.2;1432;1240;986;34;1064;159;22;8;610;196
21;Tessin;2020;351238.5;2804.0;125.3;27.6;11285;3212.9;5281;46.8;232.0;142.1;323.7;247.7;6.5;267.9;27.0;2.3;1137;870;815;23;941;95;8;13;440;144
21;Tessin;2021;351583.5;2804.0;125.4;27.8;12924;3675.9;7167;55.5;309.5;178.9;373.5;194.3;11.1;312.0;30.7;6.8;1313;683;1088;39;1097;108;24;20;616;127
21;Tessin;2022;353102.0;2804.0;125.9;28.1;11259;3188.6;6040;53.6;289.2;176.2;405.3;168.8;11.0;213.5;37.4;3.4;1431;596;1021;39;754;132;12;11;788;134
21;Tessin;2023;355871.5;2804.0;126.9;29.1;15364;4317.3;5696;37.1;245.6;147.0;601.6;350.4;9.6;360.8;39.3;4.2;2141;1247;874;34;1284;140;15;14;843;191
21;Tessin;2024;358311.5;2804.0;127.8;29.4;14962;4175.7;6372;42.6;252.0;117.8;494.3;298.6;10.0;283.6;54.1;5.0;1771;1070;903;36;1016;194;18;23;517;215
21;Tessin;2025;359343.0;2804.0;128.2;29.8;14111;3926.9;6309;44.7;282.5;110.2;463.6;237.1;11.7;263.0;39.8;7.2;1666;852;1015;42;945;143;26;10;392;236
22;Waadt;2009;694885.5;3193.6;217.6;30.5;58467;8413.9;10038;17.2;428.0;143.0;867.9;1044.1;61.4;850.9;55.1;9.5;6031;7255;2974;427;5913;383;66;22;441;616
22;Waadt;2010;706672.0;3193.6;221.3;30.8;59396;8405.0;9780;16.5;397.1;125.7;841.0;1041.4;62.3;813.0;57.3;4.2;5943;7359;2806;440;5745;405;30;17;526;558
22;Waadt;2011;719612.5;3193.6;225.3;31.6;70392;9781.9;14230;20.2;410.2;125.5;1077.0;1166.6;81.8;863.2;79.2;6.3;7750;8395;2952;589;6212;570;45;15;671;705
22;Waadt;2012;730150.0;3193.6;228.6;32.2;83380;11419.6;16188;19.4;438.8;146.4;1140.2;1452.3;100.1;812.8;107.4;6.3;8325;10604;3204;731;5935;784;46;27;837;980
22;Waadt;2013;741864.5;3193.6;232.3;32.8;78536;10586.3;16373;20.8;411.5;126.0;1056.0;1313.9;80.5;726.7;92.2;9.6;7834;9747;3053;597;5391;684;71;17;815;920
22;Waadt;2014;755409.5;3193.6;236.5;33.1;71967;9526.9;16746;23.3;394.8;121.9;886.5;1272.7;55.5;722.3;67.1;4.2;6697;9614;2982;419;5456;507;32;28;847;1134
22;Waadt;2015;767426.5;3193.6;240.3;33.6;58343;7602.4;14724;25.2;381.8;102.8;791.9;817.4;36.5;647.0;59.4;4.6;6077;6273;2930;280;4965;456;35;28;672;785
22;Waadt;2016;779114.5;3193.6;244.0;33.6;54548;7001.3;14674;26.9;374.8;109.2;694.5;770.9;31.8;623.4;89.5;4.6;5411;6006;2920;248;4857;697;36;36;646;728
22;Waadt;2017;788975.5;3193.6;247.0;33.5;50886;6449.6;15340;30.1;369.7;92.1;678.1;598.0;33.1;571.0;68.4;4.2;5350;4718;2917;261;4505;540;33;23;777;637
22;Waadt;2018;796137.0;3193.6;249.3;33.2;48804;6130.1;15670;32.1;424.8;107.8;629.2;609.9;28.8;536.0;82.9;6.5;5009;4856;3382;229;4267;660;52;36;668;683
22;Waadt;2019;802121.5;3193.6;251.2;33.0;45805;5710.5;16635;36.3;457.7;106.1;674.8;483.5;27.4;537.8;74.6;5.7;5413;3878;3671;220;4314;598;46;43;908;617
22;Waadt;2020;809930.0;3193.6;253.6;33.2;41737;5153.2;16271;39.0;430.0;92.5;561.7;348.4;25.6;602.6;71.0;5.9;4549;2822;3483;207;4881;575;48;52;758;514
22;Waadt;2021;818865.0;3193.6;256.4;33.1;42500;5190.1;16344;38.5;416.2;85.1;549.1;351.5;23.3;575.9;75.0;5.6;4496;2878;3408;191;4716;614;46;69;646;424
22;Waadt;2022;826699.5;3193.6;258.9;33.2;43812;5299.6;17161;39.2;401.0;98.2;617.9;382.0;23.3;477.3;81.5;6.9;5108;3158;3315;193;3946;674;57;107;818;501
22;Waadt;2023;838150.5;3193.6;262.4;33.6;53678;6404.3;18955;35.3;416.0;94.4;659.0;572.2;32.5;503.7;156.5;10.7;5523;4796;3487;272;4222;1312;90;105;853;887
22;Waadt;2024;850488.0;3193.6;266.3;34.0;64015;7526.9;22109;34.5;460.9;108.5;751.8;638.8;38.0;495.7;193.5;16.1;6394;5433;3920;323;4216;1646;137;131;1025;898
22;Waadt;2025;859378.0;3193.6;269.1;34.3;65842;7661.6;21979;33.4;480.1;154.8;770.4;695.4;38.5;485.7;186.6;19.1;6621;5976;4126;331;4174;1604;164;151;992;921
23;Wallis;2009;305316.5;5213.6;58.6;20.4;15114;4950.3;4087;27.0;255.5;136.3;828.0;473.9;12.4;658.7;23.9;7.2;2528;1447;780;38;2011;73;22;20;181;227
23;Wallis;2010;309688.5;5213.6;59.4;20.8;15155;4893.6;4916;32.4;282.5;127.9;739.1;488.2;11.6;651.0;27.8;3.6;2289;1512;875;36;2016;86;11;6;264;327
23;Wallis;2011;314853.0;5213.6;60.4;21.2;15332;4869.6;4171;27.2;259.5;123.5;703.5;564.1;11.8;602.2;48.6;4.4;2215;1776;817;37;1896;153;14;2;221;288
23;Wallis;2012;319377.0;5213.6;61.3;21.6;18368;5751.2;5485;29.9;286.2;116.5;809.1;694.5;15.3;559.2;48.5;4.4;2584;2218;914;49;1786;155;14;4;262;423
23;Wallis;2013;324371.5;5213.6;62.2;22.2;17100;5271.7;5545;32.4;291.9;126.1;794.8;548.1;10.5;502.8;70.9;4.6;2578;1778;947;34;1631;230;15;8;273;356
23;Wallis;2014;329387.0;5213.6;63.2;22.7;13843;4202.7;5047;36.5;282.3;106.3;598.1;378.3;8.8;482.7;25.5;4.3;1970;1246;930;29;1590;84;14;4;274;228
23;Wallis;2015;333729.5;5213.6;64.0;23.0;13702;4105.7;4946;36.1;278.4;98.0;610.4;395.5;7.5;402.1;29.1;9.9;2037;1320;929;25;1342;97;33;12;227;251
23;Wallis;2016;337436.0;5213.6;64.7;23.2;13686;4055.9;4902;35.8;275.6;116.8;559.5;370.4;7.4;444.8;29.9;8.0;1888;1250;930;25;1501;101;27;7;213;168
23;Wallis;2017;340319.5;5213.6;65.3;23.0;12239;3596.3;4809;39.3;290.6;120.2;502.8;298.0;11.8;369.1;26.7;6.2;1711;1014;989;40;1256;91;21;10;176;166
23;Wallis;2018;342709.0;5213.6;65.7;22.7;11109;3241.5;4844;43.6;281.0;109.1;475.9;229.3;3.8;355.1;24.2;8.8;1631;786;963;13;1217;83;30;12;229;132
23;Wallis;2019;344740.0;5213.6;66.1;22.6;11771;3414.5;5152;43.8;273.8;96.0;486.7;240.5;4.9;370.7;29.3;8.1;1678;829;944;17;1278;101;28;8;223;162
23;Wallis;2020;347014.0;5213.6;66.6;22.8;11604;3344.0;5189;44.7;276.9;100.3;402.9;195.7;5.8;400.8;27.1;9.8;1398;679;961;20;1391;94;34;10;196;111
23;Wallis;2021;350856.0;5213.6;67.3;23.2;13336;3801.0;5938;44.5;280.2;103.2;375.4;321.8;6.6;377.4;44.7;10.8;1317;1129;983;23;1324;157;38;18;203;338
23;Wallis;2022;355245.5;5213.6;68.1;23.7;13674;3849.2;5691;41.6;284.9;103.3;450.7;243.2;7.9;374.1;68.4;11.8;1601;864;1012;28;1329;243;42;16;240;105
23;Wallis;2023;361563.0;5213.6;69.3;25.1;14380;3977.2;5926;41.2;282.9;92.4;410.2;271.0;5.3;344.6;63.1;11.3;1483;980;1023;19;1246;228;41;14;227;209
23;Wallis;2024;368566.0;5213.6;70.7;25.9;14046;3811.0;5326;37.9;272.7;85.5;397.8;235.2;9.0;293.0;64.3;13.6;1466;867;1005;33;1080;237;50;13;169;100
23;Wallis;2025;373700.5;5213.6;71.7;26.5;14642;3918.1;6531;44.6;313.4;93.1;357.2;289.5;10.7;299.2;63.4;15.0;1335;1082;1171;40;1118;237;56;12;290;195
24;Neuenburg;2009;171285.5;808.0;212.0;23.1;13429;7840.1;5745;42.8;641.6;107.4;648.6;624.7;39.7;1154.8;47.9;14.0;1111;1070;1099;68;1978;82;24;2;250;224
24;Neuenburg;2010;171775.5;808.0;212.6;23.0;13487;7851.5;5768;42.8;611.3;103.6;561.2;740.5;39.0;1037.4;70.4;13.4;964;1272;1050;67;1782;121;23;9;186;301
24;Neuenburg;2011;172634.0;808.0;213.7;23.4;14659;8491.4;5406;36.9;564.8;117.6;670.8;739.7;36.5;1074.5;63.7;10.4;1158;1277;975;63;1855;110;18;11;174;218
24;Neuenburg;2012;173868.5;808.0;215.2;24.0;16624;9561.2;6521;39.2;572.8;157.6;735.6;928.9;59.2;951.9;97.2;15.5;1279;1615;996;103;1655;169;27;8;238;388
24;Neuenburg;2013;175478.0;808.0;217.2;24.9;16006;9121.4;5879;36.7;500.9;135.1;689.5;919.8;57.6;833.2;67.8;9.1;1210;1614;879;101;1462;119;16;5;199;328
24;Neuenburg;2014;176864.5;808.0;218.9;25.2;14462;8176.9;5885;40.7;475.5;137.4;615.2;843.0;36.2;696.6;53.1;8.5;1088;1491;841;64;1232;94;15;2;189;407
24;Neuenburg;2015;177717.0;808.0;219.9;25.6;15596;8775.8;5987;38.4;485.0;118.2;652.7;811.4;24.8;842.4;68.6;9.0;1160;1442;862;44;1497;122;16;5;204;385
24;Neuenburg;2016;178337.0;808.0;220.7;25.6;13374;7499.3;5309;39.7;488.4;118.3;574.8;540.0;23.0;755.3;48.2;8.4;1025;963;871;41;1347;86;15;6;177;176
24;Neuenburg;2017;178265.5;808.0;220.6;25.4;11747;6589.6;5096;43.4;544.7;117.2;472.3;501.5;21.9;671.5;32.0;9.0;842;894;971;39;1197;57;16;6;169;234
24;Neuenburg;2018;177407.0;808.0;219.6;25.3;10270;5788.9;4449;43.3;462.2;101.5;475.7;378.2;24.2;582.8;54.7;14.7;844;671;820;43;1034;97;26;2;143;146
24;Neuenburg;2019;176673.0;808.0;218.7;25.3;11365;6432.8;4696;41.3;493.0;128.5;546.8;421.1;30.6;590.4;73.6;20.4;966;744;871;54;1043;130;36;4;181;100
24;Neuenburg;2020;176195.0;808.0;218.1;25.1;11325;6427.5;5303;46.8;511.4;121.5;448.4;361.5;36.9;579.5;118.1;17.0;790;637;901;65;1021;208;30;8;161;145
24;Neuenburg;2021;176030.0;808.0;217.9;25.3;10233;5813.2;4810;47.0;419.8;71.6;448.2;282.9;35.8;534.6;111.3;17.0;789;498;739;63;941;196;30;16;132;130
24;Neuenburg;2022;176368.5;808.0;218.3;25.6;11416;6472.8;5221;45.7;451.9;105.5;557.9;348.7;41.4;490.5;124.7;17.6;984;615;797;73;865;220;31;13;188;189
24;Neuenburg;2023;177431.0;808.0;219.6;26.6;12242;6899.6;5473;44.7;457.1;96.4;592.9;298.7;40.0;541.6;164.0;14.1;1052;530;811;71;961;291;25;7;177;155
24;Neuenburg;2024;178904.5;808.0;221.4;27.1;13034;7285.5;5961;45.7;488.5;102.3;642.8;299.6;32.4;567.3;139.2;26.8;1150;536;874;58;1015;249;48;23;193;163
24;Neuenburg;2025;179941.5;808.0;222.7;27.3;12409;6896.1;5623;45.3;416.8;90.0;606.9;370.1;27.8;465.2;170.6;32.8;1092;666;750;50;837;307;59;13;217;195
25;Genf;2009;449699.0;281.1;1599.8;38.7;63905;14210.6;14032;22.0;594.0;348.7;1876.8;1437.2;137.2;1403.8;107.8;15.1;8440;6463;2671;617;6313;485;68;28;932;613
25;Genf;2010;455925.5;281.1;1621.9;39.2;61910;13579.0;13922;22.5;541.3;289.7;1614.7;1491.3;121.1;1436.9;96.3;9.0;7362;6799;2468;552;6551;439;41;18;920;824
25;Genf;2011;459124.5;281.1;1633.3;39.4;72821;15860.8;12475;17.1;489.6;270.7;2061.5;1763.8;122.6;1550.3;122.0;7.6;9465;8098;2248;563;7118;560;35;17;686;767
25;Genf;2012;461817.5;281.1;1642.9;39.7;66423;14383.0;12419;18.7;451.3;216.5;1947.1;1585.5;118.2;1334.5;111.9;10.2;8992;7322;2084;546;6163;517;47;12;693;770
25;Genf;2013;466267.0;281.1;1658.7;40.4;59170;12690.2;12807;21.6;437.3;243.2;1798.3;1299.7;123.5;1278.2;134.0;7.1;8385;6060;2039;576;5960;625;33;16;582;802
25;Genf;2014;473409.0;281.1;1684.1;40.9;55244;11669.4;13063;23.6;438.5;237.2;1570.5;1306.3;75.0;1111.3;107.3;9.5;7435;6184;2076;355;5261;508;45;15;710;796
25;Genf;2015;481060.5;281.1;1711.4;40.7;58800;12223.0;13966;23.8;438.6;253.8;1563.4;1027.7;71.1;1140.6;115.6;7.3;7521;4944;2110;342;5487;556;35;15;790;579
25;Genf;2016;487130.0;281.1;1732.9;40.2;51938;10662.0;13346;25.7;429.7;237.3;1388.3;764.1;65.1;874.5;136.1;6.6;6763;3722;2093;317;4260;663;32;32;825;513
25;Genf;2017;492386.5;281.1;1751.6;40.1;50322;10220.0;12309;24.5;398.9;213.0;1331.1;769.7;55.0;878.4;135.5;8.1;6554;3790;1964;271;4325;667;40;17;597;479
25;Genf;2018;497364.5;281.1;1769.4;40.0;49665;9985.6;13576;27.3;441.9;265.8;1311.1;713.0;56.9;870.4;165.7;11.7;6521;3546;2198;283;4329;824;58;12;643;396
25;Genf;2019;501804.0;281.1;1785.1;40.0;47499;9465.6;13569;28.6;426.7;249.9;1356.5;596.8;72.1;926.5;150.1;13.0;6807;2995;2141;362;4649;753;65;20;751;343
25;Genf;2020;505235.5;281.1;1797.4;40.2;42836;8478.4;13442;31.4;424.8;232.8;1023.7;602.7;67.1;780.0;113.2;13.5;5172;3045;2146;339;3941;572;68;15;647;430
25;Genf;2021;507895.5;281.1;1806.8;40.6;38234;7527.9;11697;30.6;373.7;179.4;965.7;489.1;39.2;726.9;121.1;17.5;4905;2484;1898;199;3692;615;89;24;526;277
25;Genf;2022;511781.0;281.1;1820.6;41.0;43838;8565.8;13577;31.0;412.5;206.9;1212.2;554.7;46.7;704.6;179.4;19.3;6204;2839;2111;239;3606;918;99;38;709;280
25;Genf;2023;519262.0;281.1;1847.3;41.7;48084;9260.1;14877;30.9;485.7;227.6;1258.3;493.0;31.4;708.5;277.3;17.1;6534;2560;2522;163;3679;1440;89;30;736;387
25;Genf;2024;527756.0;281.1;1877.5;41.7;52146;9880.7;15289;29.3;405.5;185.5;1184.1;500.6;51.9;643.5;406.2;26.9;6249;2642;2140;274;3396;2144;142;53;807;405
25;Genf;2025;534093.0;281.1;1900.0;41.9;50020;9365.4;15302;30.6;429.0;199.2;1118.5;531.4;40.8;623.1;412.7;24.5;5974;2838;2291;218;3328;2204;131;56;789;467
26;Jura;2009;69978.0;830.6;84.2;12.3;2986;4267.1;1170;39.2;331.5;158.6;360.1;413.0;10.0;620.2;15.7;2.9;252;289;232;7;434;11;2;4;44;70
26;Jura;2010;70149.0;830.6;84.5;12.3;3336;4755.6;1187;35.6;342.1;151.1;427.7;564.5;7.1;514.6;17.1;5.7;300;396;240;5;361;12;4;0;52;89
26;Jura;2011;70287.0;830.6;84.6;12.7;3693;5254.2;1113;30.1;364.2;220.5;429.7;614.6;14.2;461.0;22.8;8.5;302;432;256;10;324;16;6;4;37;59
26;Jura;2012;70742.0;830.6;85.2;13.0;4368;6174.5;1487;34.0;325.1;176.7;387.3;798.7;33.9;404.3;48.1;12.7;274;565;230;24;286;34;9;1;37;154
26;Jura;2013;71340.0;830.6;85.9;13.6;4532;6352.7;1667;36.8;328.0;171.0;434.5;845.2;21.0;448.6;35.0;7.0;310;603;234;15;320;25;5;4;49;146
26;Jura;2014;72074.0;830.6;86.8;14.0;3604;5000.4;1388;38.5;283.0;151.2;355.2;614.6;9.7;381.6;31.9;11.1;256;443;204;7;275;23;8;2;44;145
26;Jura;2015;72596.0;830.6;87.4;14.3;3608;4970.0;1397;38.7;281.0;125.4;298.9;651.6;4.1;356.8;31.7;2.8;217;473;204;3;259;23;2;5;34;155
26;Jura;2016;72952.0;830.6;87.8;14.6;3370;4619.5;1399;41.5;335.8;137.1;268.7;488.0;5.5;414.0;28.8;6.9;196;356;245;4;302;21;5;2;31;108
26;Jura;2017;73206.0;830.6;88.1;14.7;2730;3729.2;1168;42.8;240.4;99.7;245.9;362.0;8.2;327.8;32.8;1.4;180;265;176;6;240;24;1;4;33;78
26;Jura;2018;73354.5;830.6;88.3;14.7;2444;3331.8;1046;42.8;241.3;96.8;246.7;306.7;5.5;291.7;13.6;4.1;181;225;177;4;214;10;3;2;35;62
26;Jura;2019;73501.5;830.6;88.5;14.7;2270;3088.4;1018;44.8;215.0;68.0;191.8;251.7;5.4;315.6;13.6;6.8;141;185;158;4;232;10;5;2;25;72
26;Jura;2020;73646.5;830.6;88.7;14.9;2447;3322.6;1078;44.1;285.1;104.6;173.8;272.9;12.2;320.4;21.7;8.1;128;201;210;9;236;16;6;7;29;49
26;Jura;2021;73753.5;830.6;88.8;15.0;2780;3769.3;1279;46.0;276.6;82.7;223.7;198.0;5.4;379.6;33.9;4.1;165;146;204;4;280;25;3;0;29;45
26;Jura;2022;73831.5;830.6;88.9;15.2;3017;4086.3;1263;41.9;258.7;82.6;304.7;266.8;2.7;325.1;29.8;4.1;225;197;191;2;240;22;3;4;53;37
26;Jura;2023;74206.5;830.6;89.3;15.9;3305;4453.8;1293;39.1;250.7;82.2;283.0;373.3;8.1;258.7;48.5;10.8;210;277;186;6;192;36;8;5;34;97
26;Jura;2024;74694.0;830.6;89.9;16.2;3978;5325.7;1572;39.5;303.9;120.5;384.2;424.4;8.0;295.9;45.5;24.1;287;317;227;6;221;34;18;6;37;91
26;Jura;2025;75009.0;830.6;90.3;16.5;3836;5114.1;1657;43.2;389.3;184.0;273.3;426.6;9.3;260.0;49.3;14.7;205;320;292;7;195;37;11;10;49;84
