label;variable;detail;ame_pp;se_pp;z;p;ki_lo;ki_hi;modell
Alter (je SD);agea_c_z;agea_c_z;1.6455446569822785;0.31239525346865954;5.267508512728938;;1.0332499601837057;2.2578393537808514;M1 Soziodemografie
Bildung ISCED (je SD);eisced_c_z;eisced_c_z;-5.5011701392221095;0.33399888873235095;-16.470624079322782;;-6.155807961137517;-4.846532317306702;M1 Soziodemografie
Frau (vs. Mann);geschlecht_f;geschlecht_f;21.21545448079536;0.6159248467981848;34.44487520041039;;20.008241781070915;22.422667180519802;M1 Soziodemografie
Haushaltseinkommen (je SD);hinc_z;hinc_z;-2.3711653692635455;0.36842271964543155;-6.435991166737884;;-3.093273899768591;-1.6490568387584996;M1 Soziodemografie
Einkommenslage (schwierig hoch);hincfel_c;hincfel_c;3.7031571346743704;0.45703737723770094;8.102525786962916;;2.8073638752884764;4.598950394060264;M1 Soziodemografie
Migrationshintergrund;mh;mh;1.3655617932062647;0.7654676854066854;1.7839574671016392;;-0.13475487019083876;2.865878456603368;M1 Soziodemografie
Wohnort (Land hoch);stadt_land_num_z;stadt_land_num_z;-3.4351217666955454;0.3030472196490832;-11.335269040492374;;-4.029094317207749;-2.841149216183342;M1 Soziodemografie
Alter (je SD);agea_c_z;agea_c_z;0.7556214880830203;0.3281885013855341;2.302400860764364;;0.11237202536737345;1.3988709507986672;M2 + Vulnerabilität
Diskriminierungserfahrung;diskriminiert;diskriminiert;4.0335691272928464;1.3594562450487273;2.9670459361847796;;1.369034886997341;6.698103367588352;M2 + Vulnerabilität
Bildung ISCED (je SD);eisced_c_z;eisced_c_z;-5.24409611469779;0.33274539787830737;-15.760086084242934;;-5.896277094539272;-4.591915134856308;M2 + Vulnerabilität
Frau (vs. Mann);geschlecht_f;geschlecht_f;21.237661702808136;0.6117318666217958;34.71727216057939;;20.038667244229416;22.436656161386857;M2 + Vulnerabilität
Gesundheit (schlecht hoch);health_c_z;health_c_z;3.895625471517366;0.31422536710239374;12.397552455553132;;3.279743751996674;4.511507191038057;M2 + Vulnerabilität
Haushaltseinkommen (je SD);hinc_z;hinc_z;-2.1769224110207888;0.3674797526333098;-5.923924775232539;;-2.897182726182076;-1.4566620958595016;M2 + Vulnerabilität
Einkommenslage (schwierig hoch);hincfel_c;hincfel_c;2.3426317977642315;0.4680846256074687;5.004718526535712;;1.4251859315735929;3.26007766395487;M2 + Vulnerabilität
Migrationshintergrund;mh;mh;1.0675454218528402;0.7647758693235506;1.3958931821385674;;-0.43141528202131885;2.566506125726999;M2 + Vulnerabilität
Wohnort (Land hoch);stadt_land_num_z;stadt_land_num_z;-3.1513554426245536;0.3026258748801135;-10.413370779590398;;-3.744502157389576;-2.5582087278595314;M2 + Vulnerabilität
Arbeitslosigkeit (12 Mon.);uempla_c;uempla_c;-0.1314175996143392;1.5525987712391298;-0.08464363237222887;;-3.1745111912430337;2.911675992014355;M2 + Vulnerabilität
Viktimisierung (Haushalt);viktim;viktim;7.2797192290493165;1.0329241204539419;7.0476805458372676;;5.25518795295959;9.304250505139043;M2 + Vulnerabilität
Alter (je SD);agea_c_z;agea_c_z;0.17026609131778303;0.3348595773187992;0.5084701255406625;;-0.48605868022706333;0.8265908628626294;M3 + Einstellungen
Diskriminierungserfahrung;diskriminiert;diskriminiert;2.1729903092379885;1.340072212885572;1.6215471736100682;;-0.45355122801773273;4.79953184649371;M3 + Einstellungen
Bildung ISCED (je SD);eisced_c_z;eisced_c_z;-3.1391621349068575;0.344901598204462;-9.101616667621014;;-3.8151692673876028;-2.463155002426112;M3 + Einstellungen
Frau (vs. Mann);geschlecht_f;geschlecht_f;20.711385094073744;0.6189246623171947;33.46349944520275;;19.49829275593204;21.924477432215447;M3 + Einstellungen
Gesundheit (schlecht hoch);health_c_z;health_c_z;2.7189270507476753;0.32021341056260827;8.490984328140964;;2.091308766044963;3.3465453354503873;M3 + Einstellungen
Haushaltseinkommen (je SD);hinc_z;hinc_z;-1.747291911487851;0.37065168614305977;-4.714107548436869;;-2.473769216328248;-1.0208146066474537;M3 + Einstellungen
Einkommenslage (schwierig hoch);hincfel_c;hincfel_c;0.25409255832486094;0.4839931055205562;0.5249921030415775;;-0.6945339284954293;1.202719045145151;M3 + Einstellungen
Zuwanderung kulturell bereichernd (je SD);imsmetn_c_z;imsmetn_c_z;1.3723257375519302;0.35996433726809957;3.812393605341601;;0.6667956365064551;2.0778558385974053;M3 + Einstellungen
Zuwanderung gut fürs Land (je SD);imwbcnt_c_z;imwbcnt_c_z;-3.60115740323531;0.36618859573327295;-9.834160444085338;;-4.318887050872525;-2.8834277555980954;M3 + Einstellungen
politisch rechts (je SD);lrscale_c_z;lrscale_c_z;0.6601189545464133;0.3004761556062583;2.1969096123934313;;0.07118568955814708;1.2490522195346796;M3 + Einstellungen
Migrationshintergrund;mh;mh;2.552027866097188;0.7977933203110412;3.1988584024521685;;0.9883529582875472;4.115702773906829;M3 + Einstellungen
Sozialvertrauen (je SD);ppltrst_c_z;ppltrst_c_z;-4.827356980996803;0.329299189052693;-14.659486392553339;;-5.472783391540081;-4.181930570453525;M3 + Einstellungen
Wohnort (Land hoch);stadt_land_num_z;stadt_land_num_z;-3.6678987052660963;0.30586234501368814;-11.991991708237078;;-4.267388901492925;-3.0684085090392674;M3 + Einstellungen
Demokratiezufriedenheit (je SD);stfdem_c_z;stfdem_c_z;-1.480986908273721;0.39136991554630424;-3.784110248245437;;-2.2480719427444775;-0.7139018738029648;M3 + Einstellungen
Vertrauen Justiz (je SD);trstlgl_c_z;trstlgl_c_z;-1.787115542768594;0.4155183161297641;-4.300930845634462;;-2.6015314423829317;-0.9726996431542565;M3 + Einstellungen
Vertrauen Polizei (je SD);trstplc_c_z;trstplc_c_z;0.631163701209277;0.37424158529412827;1.6865140754286447;;-0.10234980596721444;1.3646772083857686;M3 + Einstellungen
Vertrauen Parlament (je SD);trstprl_c_z;trstprl_c_z;0.7850749925551345;0.408311520450839;1.922735346012991;;-0.015215587528510044;1.585365572638779;M3 + Einstellungen
Arbeitslosigkeit (12 Mon.);uempla_c;uempla_c;-1.3230300439832052;1.5439669074824494;-0.8569031094976656;;-4.349205182648806;1.7031450946823954;M3 + Einstellungen
Viktimisierung (Haushalt);viktim;viktim;5.954536860547303;1.0169865782760465;5.85507910108429;;3.9612431671262516;7.947830553968354;M3 + Einstellungen
C(welle_f);C(welle_f);C(welle_f)[T.11];-3.1388383581734622;0.7304096695708359;-4.297366928367389;;-4.570441310532301;-1.707235405814624;M4 + Wellen
C(welle_f);C(welle_f);C(welle_f)[T.4];-6.452878416178382;0.662429414831088;-9.741231702133566;;-7.751240069247314;-5.1545167631094495;M4 + Wellen
C(welle_f);C(welle_f);C(welle_f)[T.5];-5.906255163676623;0.6598699121257408;-8.950635655821754;;-7.199600191443075;-4.612910135910171;M4 + Wellen
C(welle_f);C(welle_f);C(welle_f)[T.6];-4.175271177222676;0.6635343537553866;-6.292471751601122;;-5.475798510583234;-2.8747438438621185;M4 + Wellen
C(welle_f);C(welle_f);C(welle_f)[T.7];-4.928099087391731;0.6408741233954823;-7.689652160211513;;-6.184212369246876;-3.6719858055365853;M4 + Wellen
C(welle_f);C(welle_f);C(welle_f)[T.8];0.19214700034255802;0.690988653032205;0.27807547851817277;;-1.1621907596005638;1.54648476028568;M4 + Wellen
C(welle_f);C(welle_f);C(welle_f)[T.9];-1.870313327228108;0.7449747936583363;-2.5105726303081863;;-3.3304639227984474;-0.41016273165776895;M4 + Wellen
Alter (je SD);agea_c_z;agea_c_z;0.1573886787545231;0.33375264741069965;0.4715728248916279;;-0.49676651017044815;0.8115438676794944;M4 + Wellen
Diskriminierungserfahrung;diskriminiert;diskriminiert;1.6052074152085218;1.325021064404513;1.211458035144467;;-0.9918338710243235;4.202248701441367;M4 + Wellen
Bildung ISCED (je SD);eisced_c_z;eisced_c_z;-3.1957507471463753;0.3443943094832735;-9.279336676442925;;-3.8707635937335914;-2.5207379005591593;M4 + Wellen
Frau (vs. Mann);geschlecht_f;geschlecht_f;20.645168863695368;0.6173816399702935;33.43988147216161;;19.435100849353592;21.855236878037143;M4 + Wellen
Gesundheit (schlecht hoch);health_c_z;health_c_z;2.638461439697408;0.31972422076040663;8.252303918115123;;2.011801967007011;3.2651209123878053;M4 + Wellen
Haushaltseinkommen (je SD);hinc_z;hinc_z;-1.8747355642772225;0.37234531688697164;-5.0349379440330475;;-2.6045323853756868;-1.144938743178758;M4 + Wellen
Einkommenslage (schwierig hoch);hincfel_c;hincfel_c;0.45138719484854806;0.4848731221365544;0.9309387842731861;;-0.49896412453909855;1.4017385142361947;M4 + Wellen
Zuwanderung kulturell bereichernd (je SD);imsmetn_c_z;imsmetn_c_z;1.6005180837461375;0.361432716186214;4.428260121647465;;0.892109960021158;2.3089262074711168;M4 + Wellen
Zuwanderung gut fürs Land (je SD);imwbcnt_c_z;imwbcnt_c_z;-3.4069092252111544;0.36642982843381616;-9.297576127393524;;-4.125111688941434;-2.6887067614808746;M4 + Wellen
politisch rechts (je SD);lrscale_c_z;lrscale_c_z;0.6881029851331495;0.29985508495654456;2.2947851133919253;;0.10038701861832211;1.275818951647977;M4 + Wellen
Migrationshintergrund;mh;mh;2.2953578256730225;0.7950190622598118;2.8871733202831065;;0.7371204636437914;3.8535951877022536;M4 + Wellen
Sozialvertrauen (je SD);ppltrst_c_z;ppltrst_c_z;-4.935371935058476;0.32938550418597234;-14.983573570596311;;-5.580967523262982;-4.28977634685397;M4 + Wellen
Wohnort (Land hoch);stadt_land_num_z;stadt_land_num_z;-3.733882784800619;0.3055609937220792;-12.219762540099426;;-4.332782332495894;-3.134983237105344;M4 + Wellen
Demokratiezufriedenheit (je SD);stfdem_c_z;stfdem_c_z;-1.4916663670376256;0.3934420329491951;-3.791324368309787;;-2.262812751618048;-0.7205199824572032;M4 + Wellen
Vertrauen Justiz (je SD);trstlgl_c_z;trstlgl_c_z;-1.7773436407409062;0.4155152057318371;-4.277445485082821;;-2.591753443975307;-0.9629338375065055;M4 + Wellen
Vertrauen Polizei (je SD);trstplc_c_z;trstplc_c_z;0.604328957199008;0.37316976620820613;1.6194478007680533;;-0.12708378456907599;1.335741698967092;M4 + Wellen
Vertrauen Parlament (je SD);trstprl_c_z;trstprl_c_z;0.6567056610407889;0.40844534038504887;1.6078177325311152;;-0.1438472061139069;1.4572585281954846;M4 + Wellen
Arbeitslosigkeit (12 Mon.);uempla_c;uempla_c;-1.0181183458797227;1.5548826042313646;-0.6547879197497459;;-4.0656882501731975;2.0294515584137516;M4 + Wellen
Viktimisierung (Haushalt);viktim;viktim;5.642755471322475;1.0114467286129687;5.578895370061236;;3.6603198832410557;7.625191059403893;M4 + Wellen
