gruppe,schluessel,jahr,faelle,hz
Gegen das Leben,000000,2002,3541,4.3
Gegen das Leben,000000,2003,3465,4.2
Gegen das Leben,000000,2004,3525,4.3
Gegen das Leben,000000,2005,3549,4.3
Gegen das Leben,000000,2006,3452,4.2
Gegen das Leben,000000,2007,3356,4.1
Gegen das Leben,000000,2008,3244,3.9
Gegen das Leben,000000,2009,3269,4
Gegen das Leben,000000,2010,3216,3.9
Gegen das Leben,000000,2011,3135,3.8
Gegen das Leben,000000,2012,3028,3.7
Gegen das Leben,000000,2013,2951,3.7
Gegen das Leben,000000,2014,2962,3.7
Gegen das Leben,000000,2015,2991,3.7
Gegen das Leben,000000,2016,3242,3.9
Gegen das Leben,000000,2017,3227,3.9
Gegen das Leben,000000,2018,3254,3.930314770261808
Gegen das Leben,000000,2019,3054,3.67866648315895
Gegen das Leben,000000,2020,3289,3.95470731071714
Gegen das Leben,000000,2021,2980,3.58366771578739
Gegen das Leben,000000,2022,3077,3.69666784738983
Gegen das Leben,000000,2023,3083,3.6546256649199025
Gegen das Leben,000000,2024,3182,3.812785520809187
Gegen das Leben,000000,2025,3114,3.7258992111957885
Sexuelle Selbstbestimmung,100000,2002,53860,65.3
Sexuelle Selbstbestimmung,100000,2003,54632,66.2
Sexuelle Selbstbestimmung,100000,2004,57306,69.4
Sexuelle Selbstbestimmung,100000,2005,55203,66.9
Sexuelle Selbstbestimmung,100000,2006,52231,63.4
Sexuelle Selbstbestimmung,100000,2007,56281,68.4
Sexuelle Selbstbestimmung,100000,2008,56784,69.1
Sexuelle Selbstbestimmung,100000,2009,49084,59.9
Sexuelle Selbstbestimmung,100000,2010,46869,57.3
Sexuelle Selbstbestimmung,100000,2011,47078,57.6
Sexuelle Selbstbestimmung,100000,2012,45824,56
Sexuelle Selbstbestimmung,100000,2013,46793,58.1
Sexuelle Selbstbestimmung,100000,2014,46982,58.2
Sexuelle Selbstbestimmung,100000,2015,46081,56.8
Sexuelle Selbstbestimmung,100000,2016,47401,57.7
Sexuelle Selbstbestimmung,100000,2017,56047,67.9
Sexuelle Selbstbestimmung,100000,2018,63782,77.03851772490432
Sexuelle Selbstbestimmung,100000,2019,69881,84.1744900162509
Sexuelle Selbstbestimmung,100000,2020,81630,98.1522522875769
Sexuelle Selbstbestimmung,100000,2021,106656,128.261632179537
Sexuelle Selbstbestimmung,100000,2022,118196,141.999139710786
Sexuelle Selbstbestimmung,100000,2023,126470,149.9190748759066
Sexuelle Selbstbestimmung,100000,2024,127775,153.10454742972783
Sexuelle Selbstbestimmung,100000,2025,131335,157.1422520560048
Rohheitsdelikte & Freiheit,200000,2002,657426,797.5
Rohheitsdelikte & Freiheit,200000,2003,682620,827.1
Rohheitsdelikte & Freiheit,200000,2004,718053,870
Rohheitsdelikte & Freiheit,200000,2005,735632,891.7
Rohheitsdelikte & Freiheit,200000,2006,754315,915
Rohheitsdelikte & Freiheit,200000,2007,782244,950.3
Rohheitsdelikte & Freiheit,200000,2008,791414,962.6
Rohheitsdelikte & Freiheit,200000,2009,797218,972.2
Rohheitsdelikte & Freiheit,200000,2010,789377,965
Rohheitsdelikte & Freiheit,200000,2011,781679,956.2
Rohheitsdelikte & Freiheit,200000,2012,788816,963.8
Rohheitsdelikte & Freiheit,200000,2013,775956,963.6
Rohheitsdelikte & Freiheit,200000,2014,767940,950.8
Rohheitsdelikte & Freiheit,200000,2015,765233,942.4
Rohheitsdelikte & Freiheit,200000,2016,815709,992.6
Rohheitsdelikte & Freiheit,200000,2017,793915,962.1
Rohheitsdelikte & Freiheit,200000,2018,787387,951.0383392784679
Rohheitsdelikte & Freiheit,200000,2019,776795,935.680985849854
Rohheitsdelikte & Freiheit,200000,2020,766262,921.356623084445
Rohheitsdelikte & Freiheit,200000,2021,737666,887.097258132223
Rohheitsdelikte & Freiheit,200000,2022,867699,1042.44231215869
Rohheitsdelikte & Freiheit,200000,2023,941783,1116.401012839851
Rohheitsdelikte & Freiheit,200000,2024,968321,1160.2766462273644
Rohheitsdelikte & Freiheit,200000,2025,963108,1152.358168752843
Diebstahl (gesamt),****00,2002,3090154,3748.4
Diebstahl (gesamt),****00,2003,3029390,3670.4
Diebstahl (gesamt),****00,2004,2961030,3587.7
Diebstahl (gesamt),****00,2005,2727048,3305.5
Diebstahl (gesamt),****00,2006,2601902,3156.2
Diebstahl (gesamt),****00,2007,2561691,3112.1
Diebstahl (gesamt),****00,2008,2443280,2971.7
Diebstahl (gesamt),****00,2009,2344646,2859.2
Diebstahl (gesamt),****00,2010,2301786,2813.8
Diebstahl (gesamt),****00,2011,2403781,2940.3
Diebstahl (gesamt),****00,2012,2379725,2907.6
Diebstahl (gesamt),****00,2013,2382743,2959.1
Diebstahl (gesamt),****00,2014,2440060,3021.1
Diebstahl (gesamt),****00,2015,2483694,3058.8
Diebstahl (gesamt),****00,2016,2373774,2888.7
Diebstahl (gesamt),****00,2017,2092994,2536.3
Diebstahl (gesamt),****00,2018,1936315,2338.76073889966
Diebstahl (gesamt),****00,2019,1822212,2194.92803196137
Diebstahl (gesamt),****00,2020,1682610,2023.17727822614
Diebstahl (gesamt),****00,2021,1483566,1784.09650283216
Diebstahl (gesamt),****00,2022,1780783,2139.40957402613
Diebstahl (gesamt),****00,2023,1971435,2336.9630060724517
Diebstahl (gesamt),****00,2024,1940033,2324.6165092055344
Diebstahl (gesamt),****00,2025,1813141,2169.4221649604187
Vermögens- & Fälschungsdelikte,500000,2002,1008243,1223
Vermögens- & Fälschungsdelikte,500000,2003,1111228,1346.3
Vermögens- & Fälschungsdelikte,500000,2004,1174812,1423.5
Vermögens- & Fälschungsdelikte,500000,2005,1181268,1431.8
Vermögens- & Fälschungsdelikte,500000,2006,1171066,1420.5
Vermögens- & Fälschungsdelikte,500000,2007,1131889,1375.1
Vermögens- & Fälschungsdelikte,500000,2008,1103637,1342.3
Vermögens- & Fälschungsdelikte,500000,2009,1169463,1426.1
Vermögens- & Fälschungsdelikte,500000,2010,1183304,1446.5
Vermögens- & Fälschungsdelikte,500000,2011,1150257,1407
Vermögens- & Fälschungsdelikte,500000,2012,1169628,1429.1
Vermögens- & Fälschungsdelikte,500000,2013,1151927,1430.5
Vermögens- & Fälschungsdelikte,500000,2014,1178288,1458.9
Vermögens- & Fälschungsdelikte,500000,2015,1170121,1441.1
Vermögens- & Fälschungsdelikte,500000,2016,1110791,1351.7
Vermögens- & Fälschungsdelikte,500000,2017,1119704,1356.9
Vermögens- & Fälschungsdelikte,500000,2018,1055020,1274.2964624835934
Vermögens- & Fälschungsdelikte,500000,2019,1040727,1253.59775147956
Vermögens- & Fälschungsdelikte,500000,2020,1015312,1220.81538128879
Vermögens- & Fälschungsdelikte,500000,2021,1005066,1208.6652941059
Vermögens- & Fälschungsdelikte,500000,2022,1046585,1257.35362985391
Vermögens- & Fälschungsdelikte,500000,2023,990474,1174.1199159376827
Vermögens- & Fälschungsdelikte,500000,2024,984886,1180.1254181168063
Vermögens- & Fälschungsdelikte,500000,2025,922873,1104.2170143654114
Sonstige StGB,600000,2002,1193592,1447.8
Sonstige StGB,600000,2003,1196647,1449.8
Sonstige StGB,600000,2004,1212118,1468.7
Sonstige StGB,600000,2005,1207415,1463.5
Sonstige StGB,600000,2006,1261560,1530.3
Sonstige StGB,600000,2007,1300574,1580
Sonstige StGB,600000,2008,1301146,1582.6
Sonstige StGB,600000,2009,1287336,1569.9
Sonstige StGB,600000,2010,1214754,1485
Sonstige StGB,600000,2011,1203644,1472.3
Sonstige StGB,600000,2012,1199682,1465.8
Sonstige StGB,600000,2013,1154593,1433.9
Sonstige StGB,600000,2014,1127524,1396
Sonstige StGB,600000,2015,1095105,1348.7
Sonstige StGB,600000,2016,1143128,1391.1
Sonstige StGB,600000,2017,1096977,1329.3
Sonstige StGB,600000,2018,1102248,1331.3403794995506
Sonstige StGB,600000,2019,1107007,1333.43469139566
Sonstige StGB,600000,2020,1150750,1383.66659708354
Sonstige StGB,600000,2021,1115732,1341.74924425198
Sonstige StGB,600000,2022,1145069,1375.6710287107
Sonstige StGB,600000,2023,1162901,1378.5169770875834
Sonstige StGB,600000,2024,1196061,1433.1628104351219
Sonstige StGB,600000,2025,1196656,1431.7982165936762
Nebengesetze,700000,2002,500578,607.2
Nebengesetze,700000,2003,494153,598.7
Nebengesetze,700000,2004,506312,613.5
Nebengesetze,700000,2005,481600,583.8
Nebengesetze,700000,2006,459697,557.6
Nebengesetze,700000,2007,448626,545
Nebengesetze,700000,2008,414623,504.3
Nebengesetze,700000,2009,403314,491.8
Nebengesetze,700000,2010,393972,481.6
Nebengesetze,700000,2011,401105,490.6
Nebengesetze,700000,2012,410337,501.4
Nebengesetze,700000,2013,446699,554.7
Nebengesetze,700000,2014,518308,641.7
Nebengesetze,700000,2015,767424,945.1
Nebengesetze,700000,2016,878481,1069
Nebengesetze,700000,2017,599120,726
Nebengesetze,700000,2018,607514,733.780346447705
Nebengesetze,700000,2019,616725,742.870198698822
Nebengesetze,700000,2020,610768,734.389989283092
Nebengesetze,700000,2021,596194,716.966842330923
Nebengesetze,700000,2022,667175,801.535382217194
Nebengesetze,700000,2023,744521,882.5642408925821
Nebengesetze,700000,2024,617187,739.5354045354054
Nebengesetze,700000,2025,478332,572.3239632272653
