bundesland;schluessel;delikt;faelle;hz;versuche;aufgeklaert;aq
Baden-Württemberg;------;Straftaten insgesamt;551295.0;4902.187446480486;38791.0;344588.0;62.5051923199013
Bayern;------;Straftaten insgesamt;579115.0;4371.032886585239;44803.0;394243.0;68.0768068518342
Berlin;------;Straftaten insgesamt;502742.0;13641.9497648066;38768.0;225649.0;44.8836580194215
Brandenburg;------;Straftaten insgesamt;166508.0;6512.494196727326;14454.0;96078.0;57.7017320489106
Bremen;------;Straftaten insgesamt;94402.0;13392.615207389616;7722.0;45838.0;48.5561746573166
Hamburg;------;Straftaten insgesamt;213596.0;11467.841390770254;12989.0;104966.0;49.1423060356936
Hessen;------;Straftaten insgesamt;376981.0;6002.12425405518;23743.0;230383.0;61.1126290184386
Mecklenburg-Vorpommern;------;Straftaten insgesamt;103901.0;6602.770595012573;5802.0;65788.0;63.3179661408456
Niedersachsen;------;Straftaten insgesamt;506634.0;6329.373430333904;31777.0;317739.0;62.7156882483213
Nordrhein-Westfalen;------;Straftaten insgesamt;1356972.0;7524.330927900562;108371.0;728511.0;53.6865167446344
Rheinland-Pfalz;------;Straftaten insgesamt;224126.0;5427.346049914652;14991.0;145186.0;64.7787405298805
Saarland;------;Straftaten insgesamt;66372.0;6557.584368185856;6941.0;41326.0;62.2642077984692
Sachsen;------;Straftaten insgesamt;269050.0;6655.66336221206;18545.0;158880.0;59.0522207768073
Sachsen-Anhalt;------;Straftaten insgesamt;172776.0;8090.29044337485;14148.0;99167.0;57.3962818910034
Schleswig-Holstein;------;Straftaten insgesamt;178922.0;6045.648664967966;13020.0;101376.0;56.6593264103911
Thüringen;------;Straftaten insgesamt;145167.0;6911.802586039841;11964.0;88815.0;61.1812602037653
Baden-Württemberg;100000;Straftaten gegen die sexuelle Selbstbestimmung;13769.0;122.43575390778042;300.0;11742.0;85.2785242210763
Bayern;100000;Straftaten gegen die sexuelle Selbstbestimmung;17956.0;135.5279461100551;368.0;15133.0;84.2782356872355
Berlin;100000;Straftaten gegen die sexuelle Selbstbestimmung;8652.0;234.7728046694064;214.0;5958.0;68.8626907073509
Brandenburg;100000;Straftaten gegen die sexuelle Selbstbestimmung;3344.0;130.79119678247397;75.0;3029.0;90.5801435406698
Bremen;100000;Straftaten gegen die sexuelle Selbstbestimmung;1548.0;219.61153726657406;41.0;1229.0;79.3927648578811
Hamburg;100000;Straftaten gegen die sexuelle Selbstbestimmung;2113.0;113.44570525055501;59.0;1502.0;71.0837671557028
Hessen;100000;Straftaten gegen die sexuelle Selbstbestimmung;10973.0;174.70723840126558;199.0;9059.0;82.5571858197393
Mecklenburg-Vorpommern;100000;Straftaten gegen die sexuelle Selbstbestimmung;2573.0;163.5107336884857;30.0;2321.0;90.2059852312476
Niedersachsen;100000;Straftaten gegen die sexuelle Selbstbestimmung;14157.0;176.86325760457663;499.0;12882.0;90.9938546302183
Nordrhein-Westfalen;100000;Straftaten gegen die sexuelle Selbstbestimmung;32144.0;178.23661309624345;817.0;26023.0;80.9575659532105
Rheinland-Pfalz;100000;Straftaten gegen die sexuelle Selbstbestimmung;6177.0;149.57977454790077;123.0;5483.0;88.7647725433058
Saarland;100000;Straftaten gegen die sexuelle Selbstbestimmung;1511.0;149.28750045695213;25.0;1316.0;87.0946393117141
Sachsen;100000;Straftaten gegen die sexuelle Selbstbestimmung;5674.0;140.36139720197446;149.0;4951.0;87.2576665491717
Sachsen-Anhalt;100000;Straftaten gegen die sexuelle Selbstbestimmung;3803.0;178.0766689595462;88.0;3335.0;87.6939258480147
Schleswig-Holstein;100000;Straftaten gegen die sexuelle Selbstbestimmung;3339.0;112.82246393583817;85.0;2908.0;87.0919436957173
Thüringen;100000;Straftaten gegen die sexuelle Selbstbestimmung;3602.0;171.5011877004795;77.0;3086.0;85.6746252082176
Baden-Württemberg;200000;Rohheitsdelikte und Straftaten gegen die persönliche Freiheit;95363.0;847.9803035738008;5188.0;85802.0;89.9740989692019
Bayern;200000;Rohheitsdelikte und Straftaten gegen die persönliche Freiheit;105612.0;797.1361909431465;8177.0;95827.0;90.7349543612468
Berlin;200000;Rohheitsdelikte und Straftaten gegen die persönliche Freiheit;80541.0;2185.48733944506;6834.0;62177.0;77.1991904744168
Brandenburg;200000;Rohheitsdelikte und Straftaten gegen die persönliche Freiheit;26375.0;1031.5842748617677;1619.0;23192.0;87.9317535545024
Bremen;200000;Rohheitsdelikte und Straftaten gegen die persönliche Freiheit;15203.0;2156.817959343492;887.0;12319.0;81.0300598566072
Hamburg;200000;Rohheitsdelikte und Straftaten gegen die persönliche Freiheit;32804.0;1761.2271249593973;1648.0;25808.0;78.6733325204243
Hessen;200000;Rohheitsdelikte und Straftaten gegen die persönliche Freiheit;63723.0;1014.569338616955;2870.0;55813.0;87.5868995496132
Mecklenburg-Vorpommern;200000;Rohheitsdelikte und Straftaten gegen die persönliche Freiheit;20358.0;1293.723869580331;1143.0;18363.0;90.2004126142057
Niedersachsen;200000;Rohheitsdelikte und Straftaten gegen die persönliche Freiheit;96015.0;1199.5144224696917;5166.0;85891.0;89.4558141956986
Nordrhein-Westfalen;200000;Rohheitsdelikte und Straftaten gegen die persönliche Freiheit;228740.0;1268.3500149214387;18590.0;192982.0;84.3674040395208
Rheinland-Pfalz;200000;Rohheitsdelikte und Straftaten gegen die persönliche Freiheit;47052.0;1139.3925128748303;3215.0;42308.0;89.9175380430162
Saarland;200000;Rohheitsdelikte und Straftaten gegen die persönliche Freiheit;13063.0;1290.6304556380978;844.0;11463.0;87.751665008038
Sachsen;200000;Rohheitsdelikte und Straftaten gegen die persönliche Freiheit;43826.0;1084.1520256915285;2364.0;37814.0;86.2821156391183
Sachsen-Anhalt;200000;Rohheitsdelikte und Straftaten gegen die persönliche Freiheit;33438.0;1565.7448479277691;2484.0;29230.0;87.4155152820145
Schleswig-Holstein;200000;Rohheitsdelikte und Straftaten gegen die persönliche Freiheit;33403.0;1128.6639002242596;1799.0;29278.0;87.6508098075023
Thüringen;200000;Rohheitsdelikte und Straftaten gegen die persönliche Freiheit;27592.0;1313.7314744674154;1995.0;24508.0;88.8228472020876
Baden-Württemberg;210000;Raub;3281.0;29.17508232779632;655.0;2377.0;72.4474245656812
Bayern;210000;Raub;2634.0;19.880853756620912;660.0;2015.0;76.4996203492787
Berlin;210000;Raub;4823.0;130.87254240875487;935.0;2148.0;44.5365954799917
Brandenburg;210000;Raub;1130.0;44.19678599407763;216.0;759.0;67.1681415929203
Bremen;210000;Raub;1175.0;166.69480380376262;218.0;594.0;50.5531914893617
Hamburg;210000;Raub;2152.0;115.53959190685963;392.0;1043.0;48.4665427509294
Hessen;210000;Raub;3012.0;47.95572788340581;528.0;1915.0;63.5790172642762
Mecklenburg-Vorpommern;210000;Raub;530.0;33.68079629028271;91.0;394.0;74.3396226415094
Niedersachsen;210000;Raub;3773.0;47.1360507835041;742.0;2592.0;68.698648290485
Nordrhein-Westfalen;210000;Raub;10953.0;60.73374885649435;2203.0;6570.0;59.9835661462613
Rheinland-Pfalz;210000;Raub;1113.0;26.951965205085568;250.0;794.0;71.3387241689128
Saarland;210000;Raub;438.0;43.274603044437484;69.0;287.0;65.5251141552511
Sachsen;210000;Raub;1978.0;48.93106162592624;388.0;1381.0;69.8179979777553
Sachsen-Anhalt;210000;Raub;1105.0;51.74197191698621;221.0;741.0;67.0588235294118
Schleswig-Holstein;210000;Raub;1195.0;40.37821036338024;267.0;787.0;65.857740585774
Thüringen;210000;Raub;827.0;39.375758530898544;171.0;623.0;75.3325272067715
Baden-Württemberg;222000;Gefährliche Körperverletzung;14669.0;130.43867194954106;1968.0;12059.0;82.2073760992569
Bayern;222000;Gefährliche Körperverletzung;17019.0;128.45567581014856;2773.0;14592.0;85.7394676537987
Berlin;222000;Gefährliche Körperverletzung;13382.0;363.1217836437814;2578.0;9232.0;68.9881930952025
Brandenburg;222000;Gefährliche Körperverletzung;3923.0;153.43716057943942;645.0;3303.0;84.1957685444813
Bremen;222000;Gefährliche Körperverletzung;2523.0;357.93275744416434;320.0;1854.0;73.4839476813317
Hamburg;222000;Gefährliche Körperverletzung;5954.0;319.66669619583746;659.0;4253.0;71.4309707759489
Hessen;222000;Gefährliche Körperverletzung;11795.0;187.79475776386835;1343.0;9696.0;82.2043238660449
Mecklenburg-Vorpommern;222000;Gefährliche Körperverletzung;3165.0;201.131547658009;464.0;2699.0;85.2764612954186
Niedersachsen;222000;Gefährliche Körperverletzung;14297.0;178.61227618652484;1791.0;12161.0;85.0598027558229
Nordrhein-Westfalen;222000;Gefährliche Körperverletzung;38527.0;213.62997737552797;6746.0;30138.0;78.2256599268046
Rheinland-Pfalz;222000;Gefährliche Körperverletzung;6697.0;162.17188767157057;1029.0;5791.0;86.4715544273555
Saarland;222000;Gefährliche Körperverletzung;1880.0;185.74487151493716;239.0;1526.0;81.1702127659574
Sachsen;222000;Gefährliche Körperverletzung;7520.0;186.0270897001847;872.0;6018.0;80.0265957446808
Sachsen-Anhalt;222000;Gefährliche Körperverletzung;4915.0;230.1464180741966;848.0;4038.0;82.1566632756867
Schleswig-Holstein;222000;Gefährliche Körperverletzung;4589.0;155.05908565485518;601.0;3815.0;83.1335803007191
Thüringen;222000;Gefährliche Körperverletzung;4147.0;197.4501458617125;728.0;3478.0;83.8678562816494
Baden-Württemberg;435*00;Wohnungseinbruchdiebstahl;5844.0;51.96561448449915;2544.0;1029.0;17.6078028747433
Bayern;435*00;Wohnungseinbruchdiebstahl;3806.0;28.726852466856187;1794.0;881.0;23.1476615869679
Berlin;435*00;Wohnungseinbruchdiebstahl;10618.0;288.1203929703834;4863.0;844.0;7.94876624599736
Brandenburg;435*00;Wohnungseinbruchdiebstahl;3164.0;123.75100078341737;1379.0;481.0;15.2022756005057
Bremen;435*00;Wohnungseinbruchdiebstahl;1277.0;181.16533145311053;595.0;163.0;12.7642913077525
Hamburg;435*00;Wohnungseinbruchdiebstahl;2837.0;152.31683189579962;1433.0;211.0;7.43743390905886
Hessen;435*00;Wohnungseinbruchdiebstahl;6777.0;107.90038773766307;2893.0;1028.0;15.1689538143721
Mecklenburg-Vorpommern;435*00;Wohnungseinbruchdiebstahl;933.0;59.29091120534673;367.0;228.0;24.4372990353698
Niedersachsen;435*00;Wohnungseinbruchdiebstahl;7985.0;99.75652412040294;3428.0;1437.0;17.9962429555416
Nordrhein-Westfalen;435*00;Wohnungseinbruchdiebstahl;27530.0;152.65225107452656;12589.0;3263.0;11.8525245187069
Rheinland-Pfalz;435*00;Wohnungseinbruchdiebstahl;2936.0;71.0970079444126;1370.0;398.0;13.5558583106267
Saarland;435*00;Wohnungseinbruchdiebstahl;1163.0;114.90493913397442;525.0;187.0;16.079105760963
Sachsen;435*00;Wohnungseinbruchdiebstahl;2460.0;60.85460647107106;962.0;594.0;24.1463414634146
Sachsen-Anhalt;435*00;Wohnungseinbruchdiebstahl;2129.0;99.6910934038585;893.0;330.0;15.5002348520432
Schleswig-Holstein;435*00;Wohnungseinbruchdiebstahl;2486.0;84.00019327478098;1152.0;360.0;14.4810941271118
Thüringen;435*00;Wohnungseinbruchdiebstahl;975.0;46.42244808660953;462.0;238.0;24.4102564102564
Baden-Württemberg;****00;Diebstahl (gesamt);158189.0;1406.6373356756392;13331.0;60242.0;38.0822939648142
Bayern;****00;Diebstahl (gesamt);145174.0;1095.7414818768734;12554.0;63173.0;43.5153677655778
Berlin;****00;Diebstahl (gesamt);203061.0;5510.078651060371;23101.0;42760.0;21.0577117220934
Brandenburg;****00;Diebstahl (gesamt);50612.0;1979.5466661347407;6636.0;13589.0;26.8493637872441
Bremen;****00;Diebstahl (gesamt);42484.0;6027.116633871533;4799.0;12867.0;30.2866961679691
Hamburg;****00;Diebstahl (gesamt);83515.0;4483.870361571274;7341.0;20999.0;25.1439861102796
Hessen;****00;Diebstahl (gesamt);118814.0;1891.7038023701784;13266.0;41631.0;35.0388001413975
Mecklenburg-Vorpommern;****00;Diebstahl (gesamt);27535.0;1749.8126902885554;2326.0;10046.0;36.4844743054295
Niedersachsen;****00;Diebstahl (gesamt);156725.0;1957.9638375416594;16740.0;56890.0;36.2992502791514
Nordrhein-Westfalen;****00;Diebstahl (gesamt);499866.0;2771.727938090058;63439.0;139371.0;27.8816722881732
Rheinland-Pfalz;****00;Diebstahl (gesamt);59508.0;1441.022053391044;6501.0;20869.0;35.0692343886536
Saarland;****00;Diebstahl (gesamt);20243.0;2000.0177840834428;2107.0;7191.0;35.5233908017586
Sachsen;****00;Diebstahl (gesamt);88902.0;2199.226107516731;10312.0;33616.0;37.8124226676565
Sachsen-Anhalt;****00;Diebstahl (gesamt);56649.0;2652.6072100681918;8536.0;16546.0;29.2079295309714
Schleswig-Holstein;****00;Diebstahl (gesamt);62522.0;2112.574450493104;7388.0;21458.0;34.3207191068744
Thüringen;****00;Diebstahl (gesamt);39342.0;1873.1814898701457;5178.0;16247.0;41.2968329012251
Baden-Württemberg;500000;Vermögens- und Fälschungsdelikte;102777.0;913.9065639755936;9124.0;65832.0;64.0532414839896
Bayern;500000;Vermögens- und Fälschungsdelikte;100711.0;760.1445188622054;8561.0;68388.0;67.9051940701611
Berlin;500000;Vermögens- und Fälschungsdelikte;77175.0;2094.1506241749235;6188.0;34733.0;45.0055069646906
Brandenburg;500000;Vermögens- und Fälschungsdelikte;21346.0;834.8890210881249;756.0;13306.0;62.3348636746931
Bremen;500000;Vermögens- und Fälschungsdelikte;14796.0;2099.077716664231;1459.0;6209.0;41.9640443363071
Hamburg;500000;Vermögens- und Fälschungsdelikte;33735.0;1811.2119577034896;2523.0;15842.0;46.9601304283385
Hessen;500000;Vermögens- und Fälschungsdelikte;69653.0;1108.9841680819604;4553.0;44157.0;63.395690063601
Mecklenburg-Vorpommern;500000;Vermögens- und Fälschungsdelikte;14049.0;892.795296381475;827.0;9694.0;69.0013524094241
Niedersachsen;500000;Vermögens- und Fälschungsdelikte;90670.0;1132.7393916088834;6943.0;60405.0;66.6207124738061
Nordrhein-Westfalen;500000;Vermögens- und Fälschungsdelikte;234005.0;1297.5441341334758;18648.0;136678.0;58.4081536719301
Rheinland-Pfalz;500000;Vermögens- und Fälschungsdelikte;34318.0;831.0310349578855;2434.0;22899.0;66.7259164286963
Saarland;500000;Vermögens- und Fälschungsdelikte;9061.0;895.231000423854;497.0;5679.0;62.6752014126476
Sachsen;500000;Vermögens- und Fälschungsdelikte;43680.0;1080.5403295351152;3973.0;28466.0;65.1694139194139
Sachsen-Anhalt;500000;Vermögens- und Fälschungsdelikte;24215.0;1133.8749773482543;2027.0;15661.0;64.6747883543258
Schleswig-Holstein;500000;Vermögens- und Fälschungsdelikte;26143.0;883.3536012802089;2489.0;15209.0;58.1761848295911
Thüringen;500000;Vermögens- und Fälschungsdelikte;26539.0;1263.5952305338772;3562.0;14078.0;53.0464599269
Baden-Württemberg;674000;Sachbeschädigung;58407.0;519.3627045167935;658.0;11870.0;20.3229065009331
Bayern;674000;Sachbeschädigung;60821.0;459.0635559344877;1584.0;16020.0;26.3395866559248
Berlin;674000;Sachbeschädigung;44693.0;1212.7486083090362;998.0;9678.0;21.654397780413
Brandenburg;674000;Sachbeschädigung;21759.0;851.0423596859604;251.0;5020.0;23.0709131853486
Bremen;674000;Sachbeschädigung;6089.0;863.8337534988175;78.0;1549.0;25.4393168007883
Hamburg;674000;Sachbeschädigung;17052.0;915.5116734181089;296.0;2787.0;16.3441238564391
Hessen;674000;Sachbeschädigung;32121.0;511.41631319484657;278.0;7629.0;23.7508172223779
Mecklenburg-Vorpommern;674000;Sachbeschädigung;14367.0;913.0037741556447;199.0;3349.0;23.3103640286768
Niedersachsen;674000;Sachbeschädigung;49674.0;620.576778854965;674.0;14477.0;29.1440190039055
Nordrhein-Westfalen;674000;Sachbeschädigung;121842.0;675.6068134915535;1653.0;28903.0;23.7217051591405
Rheinland-Pfalz;674000;Sachbeschädigung;22664.0;548.8224073747164;431.0;6457.0;28.4901164842923
Saarland;674000;Sachbeschädigung;6543.0;646.4514331501243;124.0;1671.0;25.5387436955525
Sachsen;674000;Sachbeschädigung;32850.0;812.6316351929611;502.0;8279.0;25.2024353120243
Sachsen-Anhalt;674000;Sachbeschädigung;19682.0;921.6158292037309;392.0;5290.0;26.8773498628188
Schleswig-Holstein;674000;Sachbeschädigung;19752.0;667.4062017552188;421.0;4456.0;22.5597407857432
Thüringen;674000;Sachbeschädigung;16963.0;807.6553711724691;504.0;4817.0;28.3970995696516
Baden-Württemberg;700000;Straftaten gegen strafrechtliche Nebengesetze;55930.0;497.3368956396368;8518.0;52169.0;93.2755229751475
Bayern;700000;Straftaten gegen strafrechtliche Nebengesetze;74548.0;562.6719384390949;11247.0;71548.0;95.9757471696088
Berlin;700000;Straftaten gegen strafrechtliche Nebengesetze;35376.0;959.9309683292789;371.0;30962.0;87.5226142017187
Brandenburg;700000;Straftaten gegen strafrechtliche Nebengesetze;22381.0;875.3701480827004;4650.0;21521.0;96.1574549841383
Bremen;700000;Straftaten gegen strafrechtliche Nebengesetze;5276.0;748.4951360584269;65.0;4502.0;85.3297952994693
Hamburg;700000;Straftaten gegen strafrechtliche Nebengesetze;25040.0;1344.3826121504485;558.0;22948.0;91.6453674121406
Hessen;700000;Straftaten gegen strafrechtliche Nebengesetze;45770.0;728.7296365283811;1567.0;42731.0;93.3602796591654
Mecklenburg-Vorpommern;700000;Straftaten gegen strafrechtliche Nebengesetze;10064.0;639.5538374818966;996.0;9387.0;93.2730524642289
Niedersachsen;700000;Straftaten gegen strafrechtliche Nebengesetze;33264.0;415.56681507089337;414.0;30765.0;92.4873737373737
Nordrhein-Westfalen;700000;Straftaten gegen strafrechtliche Nebengesetze;83342.0;462.12654954788206;1831.0;74938.0;89.9162487101341
Rheinland-Pfalz;700000;Straftaten gegen strafrechtliche Nebengesetze;22407.0;542.5989976193641;1423.0;20547.0;91.6990226268577
Saarland;700000;Straftaten gegen strafrechtliche Nebengesetze;7501.0;741.1022772518849;3155.0;7090.0;94.5207305692574
Sachsen;700000;Straftaten gegen strafrechtliche Nebengesetze;23920.0;591.7244661739917;411.0;21886.0;91.4966555183946
Sachsen-Anhalt;700000;Straftaten gegen strafrechtliche Nebengesetze;10993.0;514.7506762745968;131.0;9807.0;89.2113162921859
Schleswig-Holstein;700000;Straftaten gegen strafrechtliche Nebengesetze;12203.0;412.33079586973145;231.0;10956.0;89.7812013439318
Thüringen;700000;Straftaten gegen strafrechtliche Nebengesetze;10317.0;491.2209199072313;75.0;9287.0;90.016477658234
